filename,folder,width,height,final_label,final_score,oval_candidate_count,best_candidate_area,best_candidate_major_axis,best_candidate_minor_axis,best_candidate_axis_ratio,best_candidate_eccentricity,best_candidate_solidity,best_candidate_contrast,best_candidate_ring_strength,best_candidate_gradient_strength,best_candidate_ellipse_fit_error,best_candidate_center_x,best_candidate_center_y,threshold_used,decision_reason,ring_continuity,structure_overlap,orientation_anisotropy,border_touching,overlay_path,shape_score,contrast_score,ring_score,gradient_score,continuity_score,blob_score
bad1.png,bad,1170,1170,good,84.81669015716287,30,3906.5301045092197,80.84284707223725,60.23711006671066,1.3420771179544704,0.6669374980535091,0.9678683385579937,2.7252600479875,0.8858764328729546,0.6759545803070068,0.33127317676143386,841.3137418501605,1000.3331487505267,91.67774743541328,score 84.82 < threshold 91.68,0.5555555555555556,0.1703056768558952,0.37338993236974805,0.0,/Users/diaoyingjie/Documents/Codex/2026-06-29/fab-aoi-defect-inspection-image-processing-18/work/photos_export/output/processed_images/bad/bad1/final_overlay.png,0.9679302701917685,1.0,0.8326149389754132,0.5807636642456055,0.7824074074074076,1.0
bad10.png,bad,1170,1170,good,60.24015778636678,12,4914.096692550059,168.77219346549006,41.1421555800062,4.102171874229849,0.9698322407662481,0.7202097235462345,2.090078961361955,0.2204215479504701,0.1378067284822464,0.8470967741935485,821.4568540960921,377.37057571094556,91.67774743541328,score 60.24 < threshold 91.68,0.4027777777777778,0.023084994753410283,0.5722500401652663,0.0,/Users/diaoyingjie/Documents/Codex/2026-06-29/fab-aoi-defect-inspection-image-processing-18/work/photos_export/output/processed_images/bad/bad10/final_overlay.png,0.3022973218043824,1.0,0.22765595268224553,0.1502453827857971,0.4641203703703704,1.0
bad11.png,bad,1170,1170,good,74.14338187780442,30,3629.596597854719,101.4998784203747,56.88024049972597,1.7844488266687917,0.82822403815442,0.7183908045977011,1.720229232529416,0.42095914159785147,0.33451738953590393,0.58203125,427.5400448241174,225.333310835589,91.67774743541328,score 74.14 < threshold 91.68,0.5138888888888888,0.06220095693779904,0.5779540980525847,0.0,/Users/diaoyingjie/Documents/Codex/2026-06-29/fab-aoi-defect-inspection-image-processing-18/work/photos_export/output/processed_images/bad/bad11/final_overlay.png,0.7979938924534205,0.9819571106238885,0.4099628559980467,0.30761391162872315,0.6956018518518517,1.0
bad12.png,bad,1170,1170,oval_defect,96.76835199427678,30,6074.860539591259,96.05396468609695,76.66972658940864,1.2528277973455835,0.6024000896529578,0.9789579158316634,2.222711771085287,1.54501901302872,1.3402066230773926,0.24537815126050422,234.11408372934426,909.5364120293455,91.67774743541328,score 96.77 >= threshold 91.68,0.5555555555555556,0.0,0.07061575169796747,0.0,/Users/diaoyingjie/Documents/Codex/2026-06-29/fab-aoi-defect-inspection-image-processing-18/work/photos_export/output/processed_images/bad/bad12/final_overlay.png,0.9762973939988516,1.0,1.0,1.0,0.7824074074074076,1.0
bad13.png,bad,1170,1170,good,76.31854809118329,30,2633.8144143523696,74.03079262412929,73.48766706791162,1.0073907034729483,0.12090963344683343,0.6486928104575164,1.42107670714226,0.6628996709489983,0.5725200772285461,0.5025,437.9837007641297,730.7021195660982,91.67774743541328,score 76.32 < threshold 91.68,0.5416666666666666,0.13981358189081225,0.5454732762944648,0.0,/Users/diaoyingjie/Documents/Codex/2026-06-29/fab-aoi-defect-inspection-image-processing-18/work/photos_export/output/processed_images/bad/bad13/final_overlay.png,0.9313275320527938,0.8006525497831879,0.6299087917718166,0.49801606178283697,0.7534722222222222,1.0
bad14.png,bad,1170,1170,good,69.80492750348833,30,2074.0551987741255,66.80483232395282,45.530639149835984,1.4672500446151429,0.7317742564817598,0.8620218579234973,0.4925207459426483,1.0062014767018275,0.6985605359077454,0.39501039501039503,367.1296710888874,680.1344444939704,91.67774743541328,score 69.80 < threshold 91.68,0.5555555555555556,0.0,0.16990156357873967,0.0,/Users/diaoyingjie/Documents/Codex/2026-06-29/fab-aoi-defect-inspection-image-processing-18/work/photos_export/output/processed_images/bad/bad14/final_overlay.png,0.9561953083173304,0.23789136117736262,0.9420013424562067,0.5988484287261964,0.7824074074074076,1.0
bad15.png,bad,1170,1170,good,0.0,6,2574.8923916599233,138.86722596354502,31.746521906239362,4.374250079226869,0.9735179437434208,0.6218905472636815,-1.4216415615914575,0.22400533931878136,0.3895670771598816,0.9240121580547113,943.0473454265673,45.28075111357503,91.67774743541328,score 0.00 < threshold 91.68,0.3333333333333333,0.4624,0.5827056961371903,0.0,/Users/diaoyingjie/Documents/Codex/2026-06-29/fab-aoi-defect-inspection-image-processing-18/work/photos_export/output/processed_images/bad/bad15/final_overlay.png,0.2409609041603749,0.0,0.23091394483525574,0.35165366172790524,0.3194444444444444,1.0
bad16.png,bad,1170,1170,good,69.06819990669193,30,2250.8212668514657,92.67772373816778,35.56900604137246,2.6055753042513676,0.9234194028312901,0.8506900878293601,1.5620264410497473,0.4191413987019243,0.36059558391571045,0.6949152542372881,468.2135000268453,739.7427393489853,91.67774743541328,score 69.07 < threshold 91.68,0.4861111111111111,0.0,0.6267225719984242,0.0,/Users/diaoyingjie/Documents/Codex/2026-06-29/fab-aoi-defect-inspection-image-processing-18/work/photos_export/output/processed_images/bad/bad16/final_overlay.png,0.612724416029289,0.8860766309392408,0.40831036245629476,0.32847646713256834,0.6377314814814815,1.0
bad17.png,bad,1170,1170,good,67.98351251726368,20,2999.1309550455394,102.23796322137983,41.46098239787881,2.4658837612735978,0.914079907827649,0.7925347222222222,1.301683892784483,0.45852033666131153,0.47143983840942383,0.6689814814814814,939.5635340520455,954.3764549666914,91.67774743541328,score 67.98 < threshold 91.68,0.5555555555555556,0.078003120124805,0.5271696795740948,0.0,/Users/diaoyingjie/Documents/Codex/2026-06-29/fab-aoi-defect-inspection-image-processing-18/work/photos_export/output/processed_images/bad/bad17/final_overlay.png,0.6531192063474619,0.728293268354232,0.44410939696482865,0.4171518707275391,0.7824074074074076,1.0
bad18.png,bad,1170,1170,good,55.07145850250407,30,2127.0850191973277,76.5851990315924,36.817156803558476,2.080149736717047,0.8768661368768916,0.8940852819807428,1.0235158502693749,0.2616548311265484,0.21263308823108673,0.5882352941176471,1031.3184689090458,877.6583786327313,91.67774743541328,score 55.07 < threshold 91.68,0.4305555555555556,0.12296983758700696,0.45942690488060556,0.0,/Users/diaoyingjie/Documents/Codex/2026-06-29/fab-aoi-defect-inspection-image-processing-18/work/photos_export/output/processed_images/bad/bad18/final_overlay.png,0.7742777578484116,0.5597065759208333,0.2651407555695895,0.21010647058486936,0.5219907407407408,1.0
bad19.png,bad,1170,1170,good,64.93359805760582,30,2710.4130438525503,66.41259889879662,48.83630234176192,1.3599022799480969,0.677690826618729,0.9636363636363636,1.3802277644636114,0.0926861188135841,0.0857694000005722,0.33989266547406083,685.6776225616328,383.6518293198708,91.67774743541328,score 64.93 < threshold 91.68,0.4722222222222222,0.0,0.4580173577727056,0.0,/Users/diaoyingjie/Documents/Codex/2026-06-29/fab-aoi-defect-inspection-image-processing-18/work/photos_export/output/processed_images/bad/bad19/final_overlay.png,0.966259161254866,0.7758956148264311,0.11153283528507645,0.10861552000045775,0.6087962962962963,1.0
bad2.png,bad,1170,1170,good,50.51239602930653,30,2044.5941874279022,91.99228983202416,34.409517311950935,2.673454817690043,0.9274094097871922,0.7472256473489519,0.5796145608063958,0.31484223742490586,0.24022714793682098,0.7701674277016743,426.28738688235455,727.3663159129036,91.67774743541328,score 50.51 < threshold 91.68,0.5555555555555556,0.0,0.08026659655481092,0.0,/Users/diaoyingjie/Documents/Codex/2026-06-29/fab-aoi-defect-inspection-image-processing-18/work/photos_export/output/processed_images/bad/bad2/final_overlay.png,0.526223113254359,0.2906754913978157,0.31349294311355075,0.23218171834945678,0.7824074074074076,1.0
bad20.png,bad,1170,1170,good,50.813926616293315,30,2097.624007851104,58.35180800980057,45.82570546890195,1.2733422740081772,0.619071281856682,0.9556868537666174,1.6913783223815861,0.619407865188725,0.5379563570022583,0.29383886255924174,1087.3492437972072,44.03244525070507,91.67774743541328,score 50.81 < threshold 91.68,0.4861111111111111,0.22252747252747251,0.6244800674643836,0.0,/Users/diaoyingjie/Documents/Codex/2026-06-29/fab-aoi-defect-inspection-image-processing-18/work/photos_export/output/processed_images/bad/bad20/final_overlay.png,0.9743741618117334,0.9644717105342946,0.5903707865352046,0.4703650856018067,0.6377314814814815,1.0
bad21.png,bad,1170,1170,good,59.42634925788158,30,10900.574198102648,156.1754992789747,93.12080240843207,1.6771279374718218,0.8027932939093188,0.8450299401197605,0.6443623972556223,0.5052151962294091,0.2932111322879791,0.5100931677018634,584.488380717044,630.407035479407,91.67774743541328,score 59.43 < threshold 91.68,0.5,0.0,0.2881377460400332,0.0,/Users/diaoyingjie/Documents/Codex/2026-06-29/fab-aoi-defect-inspection-image-processing-18/work/photos_export/output/processed_images/bad/bad21/final_overlay.png,0.8943159214390027,0.3299166043973469,0.48655926929946286,0.2745689058303833,0.6666666666666667,1.0
bad22.png,bad,1170,1170,good,63.48813013900886,30,3122.867202699678,116.10083457345289,43.35920179533266,2.677651565669514,0.9276456456608627,0.6619817287420942,0.7268236196163796,0.80983480760155,0.7142208814620972,0.767578125,447.809065189599,615.7533080548171,91.67774743541328,score 63.49 < threshold 91.68,0.5555555555555556,0.0,0.23983730344055412,0.0,/Users/diaoyingjie/Documents/Codex/2026-06-29/fab-aoi-defect-inspection-image-processing-18/work/photos_export/output/processed_images/bad/bad22/final_overlay.png,0.5001406103869005,0.37989310279780586,0.7634861887286818,0.6113767051696778,0.7824074074074076,1.0
bad23.png,bad,1170,1170,good,38.99052882621722,30,4483.965926895197,177.85075967242608,44.858252220628664,3.9647278007554436,0.9676688435720079,0.702061855670103,0.6169661297385726,0.4465066760558622,0.40582266449928284,0.8128544423440454,445.2052626867017,129.69301587813126,91.67774743541328,score 38.99 < threshold 91.68,0.5138888888888888,0.2680320569902048,0.4332646649934929,0.0,/Users/diaoyingjie/Documents/Codex/2026-06-29/fab-aoi-defect-inspection-image-processing-18/work/photos_export/output/processed_images/bad/bad23/final_overlay.png,0.34517797424214625,0.3133128059021652,0.43318788732351104,0.3646581315994263,0.6956018518518517,1.0
bad24.png,bad,1170,1170,good,55.59488463706514,30,2003.3487715431895,73.6542452024721,32.59400361801084,2.259748328731612,0.8967551040659731,0.924357034795764,0.5752030572181162,0.42736404194242833,0.26353874802589417,0.6168958742632613,592.400571261204,561.354618309939,91.67774743541328,score 55.59 < threshold 91.68,0.5555555555555556,0.0,0.37339438632199023,0.0,/Users/diaoyingjie/Documents/Codex/2026-06-29/fab-aoi-defect-inspection-image-processing-18/work/photos_export/output/processed_images/bad/bad24/final_overlay.png,0.7272713581148206,0.2880018528594644,0.4157854926749348,0.2508309984207153,0.7824074074074076,1.0
bad25.png,bad,1170,1170,good,45.623146791495444,30,2828.257089237444,113.19936839376741,52.75279369591677,2.145845944127304,0.8847759349818848,0.5809786354238456,0.3427521245507494,0.431073227678881,0.4113679826259613,0.8116591928251121,551.9957597028169,683.6795924016549,91.67774743541328,score 45.62 < threshold 91.68,0.5416666666666666,0.0,0.21252442394533383,0.0,/Users/diaoyingjie/Documents/Codex/2026-06-29/fab-aoi-defect-inspection-image-processing-18/work/photos_export/output/processed_images/bad/bad25/final_overlay.png,0.476595232273966,0.1471224997277269,0.41915747970807365,0.36909438610076906,0.7534722222222222,0.8286911574277009
bad26.png,bad,1170,1170,good,20.502094940701582,30,4784.468242626675,132.18661818761547,66.23244135211611,1.9957986673760462,0.8654168636851117,0.6684684684684684,2.8483332787450313,0.32333040231201954,0.17456574738025665,0.7826343768458358,1117.4369615736837,398.0705444842453,91.67774743541328,score 20.50 < threshold 91.68,0.375,0.19375500400320256,0.644289505007177,1.0,/Users/diaoyingjie/Documents/Codex/2026-06-29/fab-aoi-defect-inspection-image-processing-18/work/photos_export/output/processed_images/bad/bad26/final_overlay.png,0.5503778800238598,1.0,0.32120945664729045,0.17965259790420532,0.40625000000000006,1.0
bad27.png,bad,1170,1170,good,34.15632509260291,30,6104.321550937483,143.61752007512135,59.146789297523334,2.4281541192826013,0.9112582198572726,0.8194915254237288,0.8370017559065802,0.4785909140238128,0.5084574222564697,0.682567726737338,208.45039304361302,965.5933364298334,91.67774743541328,score 34.16 < threshold 91.68,0.5416666666666666,0.1823480432972523,0.3190954411173772,0.0,/Users/diaoyingjie/Documents/Codex/2026-06-29/fab-aoi-defect-inspection-image-processing-18/work/photos_export/output/processed_images/bad/bad27/final_overlay.png,0.6423550494884792,0.4466677308524729,0.46235537638528434,0.4467659378051758,0.7534722222222222,1.0
bad28.png,bad,1170,1170,good,65.15922559228609,30,2510.078166698231,79.10588608737802,50.95403782064984,1.5524949438907716,0.7649206841020577,0.7908902691511387,0.9155376356622236,0.45933782836774684,0.41468122601509094,0.48275862068965514,590.2723120851635,929.9731818867916,91.67774743541328,score 65.16 < threshold 91.68,0.5,0.0,0.6289169274111674,0.0,/Users/diaoyingjie/Documents/Codex/2026-06-29/fab-aoi-defect-inspection-image-processing-18/work/photos_export/output/processed_images/bad/bad28/final_overlay.png,0.9347734719684978,0.494265233734681,0.4448525712434062,0.37174498081207275,0.6666666666666667,1.0
bad29.png,bad,1170,1170,good,48.32787938382428,30,3281.956663969284,84.87527040030452,71.38546480677434,1.1889713211232045,0.5409368980149842,0.671562082777036,0.7845468082425406,-0.09035972268534725,-0.012444721534848213,0.4924892703862661,862.5227742175343,178.01386077374343,91.67774743541328,score 48.33 < threshold 91.68,0.3472222222222222,0.012971698113207548,0.14597126378858294,0.0,/Users/diaoyingjie/Documents/Codex/2026-06-29/fab-aoi-defect-inspection-image-processing-18/work/photos_export/output/processed_images/bad/bad29/final_overlay.png,0.9324650500409754,0.4148768534803277,0.0,0.03004422277212143,0.34837962962962965,1.0
bad3.png,bad,1170,1170,good,47.81695643953443,24,2586.6767961984124,97.48210400466601,47.49857977712797,2.052316184232663,0.8732600946286457,0.6119402985074627,0.6058265517590861,0.9807521167763833,0.8276487588882446,0.7763157894736842,921.6761564515932,832.2859375506515,91.67774743541328,score 47.82 < threshold 91.68,0.5555555555555556,0.32200886262924666,0.5905282337141283,0.0,/Users/diaoyingjie/Documents/Codex/2026-06-29/fab-aoi-defect-inspection-image-processing-18/work/photos_export/output/processed_images/bad/bad3/final_overlay.png,0.5328877841004815,0.30656154652065826,0.9188655607058029,0.7021190071105957,0.7824074074074076,1.0
bad30.png,bad,1170,1170,good,57.08607545109589,30,5968.800898744855,117.61424685909539,90.10420985241647,1.3053135591748506,0.6427220491235847,0.7667744543249798,0.9456802941276546,0.1849831128314382,0.11336322873830795,0.46829268292682924,614.4554255315377,387.17127218286026,91.67774743541328,score 57.09 < threshold 91.68,0.4305555555555556,0.0,0.2736331973353407,0.0,/Users/diaoyingjie/Documents/Codex/2026-06-29/fab-aoi-defect-inspection-image-processing-18/work/photos_export/output/processed_images/bad/bad30/final_overlay.png,0.9713768538273578,0.512533511592518,0.19543919348312563,0.13069058299064634,0.5219907407407408,1.0
bad31.png,bad,1170,1170,good,63.45277151920858,30,2109.4084123895937,59.88962434634133,47.292555140261825,1.266364741103937,0.6135422301402881,0.8744939271255061,1.053577290844631,0.264911574680187,0.26293763518333435,0.30066815144766146,501.0927708416064,675.7150287549031,91.67774743541328,score 63.45 < threshold 91.68,0.5,0.0,0.2044600676340877,0.0,/Users/diaoyingjie/Documents/Codex/2026-06-29/fab-aoi-defect-inspection-image-processing-18/work/photos_export/output/processed_images/bad/bad31/final_overlay.png,0.975028305521506,0.577925630814928,0.26810143152744276,0.25035010814666747,0.6666666666666667,1.0
bad32.png,bad,1170,1170,good,43.21126995455249,27,2227.252457774487,91.95857511021784,33.80524967715948,2.7202454053267844,0.9299785086675733,0.7854630715123095,0.47978607694159664,0.158232687936509,0.0686502605676651,0.7083333333333333,519.7024083434299,652.9402850772335,91.67774743541328,score 43.21 < threshold 91.68,0.4444444444444444,0.0,0.19967788999041894,0.0,/Users/diaoyingjie/Documents/Codex/2026-06-29/fab-aoi-defect-inspection-image-processing-18/work/photos_export/output/processed_images/bad/bad32/final_overlay.png,0.5878498002681578,0.23017337996460402,0.17112062539682635,0.09492020845413209,0.5509259259259259,1.0
bad33.png,bad,1170,1170,good,48.14953575904498,30,2244.929064582221,59.50765997542385,45.23904060427083,1.3154049949018143,0.6496632189638956,0.9638888888888889,0.6541352130171914,0.013361883922288535,-0.05674995481967926,0.308390022675737,538.9045952761321,453.12678705112563,91.67774743541328,score 48.15 < threshold 91.68,0.3888888888888889,0.0,0.42851665361057145,0.0,/Users/diaoyingjie/Documents/Codex/2026-06-29/fab-aoi-defect-inspection-image-processing-18/work/photos_export/output/processed_images/bad/bad33/final_overlay.png,0.9704307817279549,0.33583952304072207,0.03941989447480775,0.0,0.43518518518518523,1.0
bad34.png,bad,1170,1170,good,68.28037818934725,27,2026.917580620168,91.10825297248807,30.76195433921339,2.9617186205997665,0.9412746763275999,0.8462603878116344,1.2400381974304713,0.6426382312104634,0.4760510325431824,0.7445008460236886,581.1875788898388,408.61646501849793,91.67774743541328,score 68.28 < threshold 91.68,0.5555555555555556,0.0,0.18266476084665326,0.0,/Users/diaoyingjie/Documents/Codex/2026-06-29/fab-aoi-defect-inspection-image-processing-18/work/photos_export/output/processed_images/bad/bad34/final_overlay.png,0.527140620346468,0.6909322408669523,0.6114893011004212,0.4208408260345459,0.7824074074074076,1.0
bad35.png,bad,1170,1170,good,49.761176501537335,30,3411.5851138926664,75.05660076853644,55.837635182740776,1.3441937596908866,0.6682460094413198,0.931304347826087,1.1157811231330683,-0.06664337586581708,-0.03949950635433197,0.26608187134502925,647.4197748587833,121.76942659116878,91.67774743541328,score 49.76 < threshold 91.68,0.2916666666666667,0.0,0.4975253292791734,0.0,/Users/diaoyingjie/Documents/Codex/2026-06-29/fab-aoi-defect-inspection-image-processing-18/work/photos_export/output/processed_images/bad/bad35/final_overlay.png,0.9677318350289794,0.6156249231109505,0.0,0.008400394916534427,0.23263888888888895,1.0
bad36.png,bad,1170,1170,good,59.25403316541572,30,2639.7066166216146,70.90348595900159,55.23536765229157,1.2836609761582711,0.6269967261612175,0.8421052631578947,0.4582169360908822,0.45842771581196096,0.38131940364837646,0.41940532081377147,436.11667743856975,581.5424862936819,91.67774743541328,score 59.25 < threshold 91.68,0.5555555555555556,0.0,0.21283126002864358,0.0,/Users/diaoyingjie/Documents/Codex/2026-06-29/fab-aoi-defect-inspection-image-processing-18/work/photos_export/output/processed_images/bad/bad36/final_overlay.png,0.9734067834851622,0.21710117338841348,0.44402519619269176,0.3450555229187012,0.7824074074074076,1.0
bad37.png,bad,1170,1170,good,57.400592783812876,30,3228.9268435460817,107.33466429334457,59.991763934060245,1.7891566650935806,0.829219866261394,0.6359506813757301,0.3923220202117669,0.6615282581885713,0.5146448016166687,0.6502835538752363,360.0698583452533,714.9279633201504,91.67774743541328,score 57.40 < threshold 91.68,0.5555555555555556,0.0,0.3199716053053862,0.0,/Users/diaoyingjie/Documents/Codex/2026-06-29/fab-aoi-defect-inspection-image-processing-18/work/photos_export/output/processed_images/bad/bad37/final_overlay.png,0.6982279611321206,0.17716486073440418,0.6286620528987011,0.451715841293335,0.7824074074074076,1.0
bad38.png,bad,1170,1170,good,48.711442640666256,30,3134.651607238167,114.437386682914,58.18425760229593,1.9668101201036607,0.8610989020790184,0.5682095006090134,0.3045362532598923,0.4487101542868932,0.3870558738708496,0.7904142973192526,466.75946120899243,523.413601950491,91.67774743541328,score 48.71 < threshold 91.68,0.5555555555555556,0.0,0.47471527654286083,0.0,/Users/diaoyingjie/Documents/Codex/2026-06-29/fab-aoi-defect-inspection-image-processing-18/work/photos_export/output/processed_images/bad/bad38/final_overlay.png,0.5114865104054764,0.12396136561205595,0.4351910493517211,0.34964469909667967,0.7824074074074076,1.0
bad39.png,bad,1170,1170,good,77.99652332262299,30,6393.039462130472,125.15917750315052,80.01423903026026,1.5642113081375064,0.7689575713067839,0.8402806438299628,1.8385551847029895,0.4923672284918578,0.5246466994285583,0.5207956600361663,403.54716352407365,381.9920019885811,91.67774743541328,score 78.00 < threshold 91.68,0.5555555555555556,0.0,0.3269140936984976,0.0,/Users/diaoyingjie/Documents/Codex/2026-06-29/fab-aoi-defect-inspection-image-processing-18/work/photos_export/output/processed_images/bad/bad39/final_overlay.png,0.8936360740345654,1.0,0.4748792986289616,0.4597173595428467,0.7824074074074076,1.0
bad4.png,bad,1170,1170,good,74.02041288232401,30,2840.0414937759333,119.15766070987178,30.475367629181793,3.909966309832862,0.9667411861187015,0.8187919463087249,2.440703398161073,0.6893912675796882,0.6214317679405212,0.7904191616766467,227.48783064086405,111.14421488338485,91.67774743541328,score 74.02 < threshold 91.68,0.5555555555555556,0.0,0.24304892115638402,0.0,/Users/diaoyingjie/Documents/Codex/2026-06-29/fab-aoi-defect-inspection-image-processing-18/work/photos_export/output/processed_images/bad/bad4/final_overlay.png,0.3899073303724885,1.0,0.6539920614360801,0.537145414352417,0.7824074074074076,1.0
bad40.png,bad,1170,1170,good,64.6997807790845,30,6281.087619014824,128.1606674194336,62.809707237971764,2.04045955721242,0.8716742687924016,0.8799824791940429,0.6511317944122806,0.7559160325975675,0.5981760621070862,0.6145569620253164,543.4993905348401,719.3696024407984,91.67774743541328,score 64.70 < threshold 91.68,0.5555555555555556,0.007123775601068566,0.18340940043436824,0.0,/Users/diaoyingjie/Documents/Codex/2026-06-29/fab-aoi-defect-inspection-image-processing-18/work/photos_export/output/processed_images/bad/bad40/final_overlay.png,0.7502916933267921,0.3340192693407762,0.7144691205432431,0.5185408496856689,0.7824074074074076,1.0
bad41.png,bad,1170,1170,good,77.02033146874544,25,2292.0666827361783,99.54927666058678,34.42298560716304,2.8919419656577285,0.9383125166412388,0.7926267281105991,1.5329893311073821,0.7926075290978966,0.6965514421463013,0.7628294036061026,524.8849379670075,521.9997504143299,91.67774743541328,score 77.02 < threshold 91.68,0.5555555555555556,0.0,0.13356556769231462,0.0,/Users/diaoyingjie/Documents/Codex/2026-06-29/fab-aoi-defect-inspection-image-processing-18/work/photos_export/output/processed_images/bad/bad41/final_overlay.png,0.5143889632394799,0.8684783824893225,0.7478250264526332,0.597241153717041,0.7824074074074076,1.0
bad42.png,bad,1170,1170,good,72.05470953083658,11,2091.7318055818596,99.12625459219905,31.00322155536952,3.1972888499721455,0.9498305448878058,0.8154450261780105,3.5260996965845477,0.8302979493814381,0.7370432019233704,0.7725118483412322,783.5811744784912,141.28945417918604,91.67774743541328,score 72.05 < threshold 91.68,0.5555555555555556,0.0,0.8075007505136075,0.0,/Users/diaoyingjie/Documents/Codex/2026-06-29/fab-aoi-defect-inspection-image-processing-18/work/photos_export/output/processed_images/bad/bad42/final_overlay.png,0.4755706457453932,1.0,0.7820890448922164,0.6296345615386963,0.7824074074074076,1.0
bad43.png,bad,1170,1170,good,49.14110229943285,30,2203.6836486975085,80.12458737955053,36.93753113885143,2.169191738298782,0.8873995104868422,0.8670967741935484,0.7811326133897256,0.15823992925328306,0.1898438185453415,0.6124794745484401,484.3025245508217,107.4146221683233,91.67774743541328,score 49.14 < threshold 91.68,0.5,0.0,0.10949846807043791,0.0,/Users/diaoyingjie/Documents/Codex/2026-06-29/fab-aoi-defect-inspection-image-processing-18/work/photos_export/output/processed_images/bad/bad43/final_overlay.png,0.7404098802729734,0.4128076444786216,0.1711272084120755,0.19187505483627318,0.6666666666666667,1.0
bad44.png,bad,1170,1170,good,9.767255576251543,8,4012.589745355623,128.66074906345224,47.1245324858986,2.730228657482221,0.9305087400244599,0.8483606557377049,1.2884247307833367,0.43243977719967425,0.3746762275695801,0.697444352844188,38.44334580591605,1036.7567526156477,91.67774743541328,score 9.77 < threshold 91.68,0.4166666666666667,0.3403781979977753,0.5744278592392693,1.0,/Users/diaoyingjie/Documents/Codex/2026-06-29/fab-aoi-defect-inspection-image-processing-18/work/photos_export/output/processed_images/bad/bad44/final_overlay.png,0.5983759551040019,0.7202574125959617,0.42039979745424927,0.33974098205566405,0.49305555555555564,1.0
bad45.png,bad,1170,1170,good,55.56027023634126,30,2068.162996504881,55.62256377762284,46.426033083334005,1.1980899526302669,0.5507627104052961,0.9608433734939759,0.7108261996434525,0.09125812269338898,0.11340218782424927,0.21867321867321865,465.0364824350444,855.9688767555838,91.67774743541328,score 55.56 < threshold 91.68,0.5277777777777778,0.0,0.13177789167076534,0.0,/Users/diaoyingjie/Documents/Codex/2026-06-29/fab-aoi-defect-inspection-image-processing-18/work/photos_export/output/processed_images/bad/bad45/final_overlay.png,0.9814290669409126,0.3701976967536076,0.11023465699398997,0.13072175025939942,0.7245370370370371,1.0
bad46.png,bad,1170,1170,good,38.57862220061704,30,2810.5804824297097,85.04511259403465,49.80053319970602,1.7077149004207188,0.8106161824002679,0.7935779816513762,0.22194426374591092,0.041283721278110246,0.04120006784796715,0.6051612903225807,574.933067416749,452.2581861820458,91.67774743541328,score 38.58 < threshold 91.68,0.375,0.0,0.05192444492703446,0.0,/Users/diaoyingjie/Documents/Codex/2026-06-29/fab-aoi-defect-inspection-image-processing-18/work/photos_export/output/processed_images/bad/bad46/final_overlay.png,0.7913766856407359,0.07390561439146116,0.06480338298010023,0.07296005427837372,0.40625000000000006,1.0
bad47.png,bad,1170,1170,good,45.53096485524454,30,27392.84834971849,244.040749735852,145.22858560332617,1.6803905974986146,0.8036518555222808,0.9161852640113509,-0.5093494042125148,0.4584637611365278,0.395144522190094,0.47225349847193177,559.8105377577152,617.3827263923106,91.67774743541328,score 45.53 < threshold 91.68,0.5138888888888888,0.0,0.17446482795248147,0.0,/Users/diaoyingjie/Documents/Codex/2026-06-29/fab-aoi-defect-inspection-image-processing-18/work/photos_export/output/processed_images/bad/bad47/final_overlay.png,0.9338412778298399,0.0,0.4440579646695707,0.3561156177520752,0.6956018518518517,0.6271686120466752
bad48.png,bad,1170,1170,good,56.829395516452365,30,2574.8923916599233,78.46573232120498,48.593039651134696,1.614752501274588,0.7851623746649914,0.8022312373225152,0.28619234915383024,0.5377200492839423,0.5261295437812805,0.5445103857566765,604.7688461240396,572.8949981309565,91.67774743541328,score 56.83 < threshold 91.68,0.5555555555555556,0.0,0.04385507328762451,0.0,/Users/diaoyingjie/Documents/Codex/2026-06-29/fab-aoi-defect-inspection-image-processing-18/work/photos_export/output/processed_images/bad/bad48/final_overlay.png,0.8639349679984795,0.11284384797201832,0.5161091357126748,0.46090363502502446,0.7824074074074076,1.0
bad5.png,bad,1170,1170,good,54.60135387548162,30,2162.438232812796,85.87556332473437,41.35929190766267,2.076330598610276,0.8763807748378541,0.7220376522702104,0.36817257596979125,0.5862508608691622,0.47831857204437256,0.7102672292545711,287.8334046993018,148.22465857034896,91.67774743541328,score 54.60 < threshold 91.68,0.5555555555555556,0.0,0.32247748529872305,0.0,/Users/diaoyingjie/Documents/Codex/2026-06-29/fab-aoi-defect-inspection-image-processing-18/work/photos_export/output/processed_images/bad/bad5/final_overlay.png,0.6368603509041417,0.16252883392108564,0.560228055335602,0.4226548576354981,0.7824074074074076,1.0
bad6.png,bad,1170,1170,good,60.59148736290497,30,2875.394707391401,67.20197804241259,52.415141821896874,1.2821100107056924,0.6258240453762068,0.9615795090715048,0.8873806791375441,0.34429694410588907,0.22425027191638947,0.28253424657534243,645.6170141449608,563.0834862800059,91.67774743541328,score 60.59 < threshold 91.68,0.4444444444444444,0.0,0.34302642491105717,0.0,/Users/diaoyingjie/Documents/Codex/2026-06-29/fab-aoi-defect-inspection-image-processing-18/work/photos_export/output/processed_images/bad/bad6/final_overlay.png,0.9735521864963413,0.4772004115985116,0.3402699491871719,0.21940021753311156,0.5509259259259259,1.0
bad7.png,bad,1170,1170,good,67.84349124579897,30,2250.8212668514657,83.85425417255068,43.2489506733368,1.9388737268080647,0.856731096292082,0.7050209205020921,1.5362553591810086,0.3645733706484035,0.2901414930820465,0.6131498470948012,547.8376909311381,950.701152120883,91.67774743541328,score 67.84 < threshold 91.68,0.4166666666666667,0.0,0.28027210101883254,0.0,/Users/diaoyingjie/Documents/Codex/2026-06-29/fab-aoi-defect-inspection-image-processing-18/work/photos_export/output/processed_images/bad/bad7/final_overlay.png,0.7463035120389663,0.8704577934430355,0.3587030642258213,0.2721131944656372,0.49305555555555564,1.0
bad8.png,bad,1170,1170,good,63.84875784601867,30,3175.8970231228795,90.36430675459106,51.68239989221343,1.7484541535039186,0.820299790824514,0.7602792862684251,0.8370214413650988,0.8000885190151438,0.7432389855384827,0.6202672605790646,964.8831512324542,294.1749577502492,91.67774743541328,score 63.85 < threshold 91.68,0.5555555555555556,0.16714285714285715,0.36780294629941923,0.0,/Users/diaoyingjie/Documents/Codex/2026-06-29/fab-aoi-defect-inspection-image-processing-18/work/photos_export/output/processed_images/bad/bad8/final_overlay.png,0.7716563593415713,0.44667966143339327,0.7546259263774034,0.6345911884307862,0.7824074074074076,1.0
bad9.png,bad,1170,1170,good,23.137402124118182,26,2627.9222120831246,131.0003803775518,33.59441691909093,3.8994687924798397,0.966558775527713,0.7476007677543186,-0.2536173442617021,0.7168463351950445,0.6787858605384827,0.7925356750823271,218.0590054207323,90.95350415874813,91.67774743541328,score 23.14 < threshold 91.68,0.5555555555555556,0.26146788990825687,0.8075172336468855,0.0,/Users/diaoyingjie/Documents/Codex/2026-06-29/fab-aoi-defect-inspection-image-processing-18/work/photos_export/output/processed_images/bad/bad9/final_overlay.png,0.38786381969435585,0.0,0.6789512138136767,0.5830286884307861,0.7824074074074076,1.0
bad41.png,good,1170,1170,good,77.02033146874544,25,2292.0666827361783,99.54927666058678,34.42298560716304,2.8919419656577285,0.9383125166412388,0.7926267281105991,1.5329893311073821,0.7926075290978966,0.6965514421463013,0.7628294036061026,524.8849379670075,521.9997504143299,91.67774743541328,score 77.02 < threshold 91.68,0.5555555555555556,0.0,0.13356556769231462,0.0,/Users/diaoyingjie/Documents/Codex/2026-06-29/fab-aoi-defect-inspection-image-processing-18/work/photos_export/output/processed_images/good/bad41/final_overlay.png,0.5143889632394799,0.8684783824893225,0.7478250264526332,0.597241153717041,0.7824074074074076,1.0
good1.png,good,1170,1170,good,71.67294143863117,30,2115.300614658838,74.38082477363807,33.56087350251764,2.216295853207106,0.8924211915828318,0.9461426491994177,1.137016156073649,0.6825118764188904,0.5915449261665344,0.6107899807321773,586.4025916894936,535.0661728095216,91.67774743541328,score 71.67 < threshold 91.68,0.5555555555555556,0.0,0.43816643401981586,0.0,/Users/diaoyingjie/Documents/Codex/2026-06-29/fab-aoi-defect-inspection-image-processing-18/work/photos_export/output/processed_images/good/good1/final_overlay.png,0.7377722840437525,0.6284946400446357,0.6477380694717185,0.5132359409332276,0.7824074074074076,1.0
good10.png,good,1170,1170,good,49.8648355287156,30,4760.899433549697,123.71685225933913,67.13851176851517,1.8427106738066923,0.8399403134547353,0.6443478260869565,0.446234524774964,0.293959453097007,0.2999430000782013,0.6296296296296297,838.641898760657,924.363555908203,91.67774743541328,score 49.86 < threshold 91.68,0.4861111111111111,0.0,0.36466667787933643,0.0,/Users/diaoyingjie/Documents/Codex/2026-06-29/fab-aoi-defect-inspection-image-processing-18/work/photos_export/output/processed_images/good/good10/final_overlay.png,0.7177472939424541,0.2098391059242206,0.2945085937245518,0.279954400062561,0.6377314814814815,1.0
good11.png,good,1170,1170,good,59.247496410803386,30,2150.6538282743063,63.952211285033165,43.5501469418221,1.4684729163018861,0.7323024486821809,0.9593613933236574,1.0478512969207954,0.38618984988435145,0.2390398234128952,0.3653846153846154,1001.079409904005,424.09938384883134,91.67774743541328,score 59.25 < threshold 91.68,0.4861111111111111,0.0,0.5624407452670694,0.0,/Users/diaoyingjie/Documents/Codex/2026-06-29/fab-aoi-defect-inspection-image-processing-18/work/photos_export/output/processed_images/good/good11/final_overlay.png,0.9560806640966982,0.5744553314671488,0.37835440898577405,0.23123185873031615,0.6377314814814815,1.0
good12.png,good,1170,1170,good,64.08405222007191,30,2062.2707942356365,70.21041276543961,40.256697350023195,1.7440678790655726,0.8192950289384769,0.8536585365853658,0.6698532238287047,0.5962006503087084,0.5180399417877197,0.532,850.1375355067589,996.4440569739123,91.67774743541328,score 64.08 < threshold 91.68,0.5555555555555556,0.0,0.157985445611594,0.0,/Users/diaoyingjie/Documents/Codex/2026-06-29/fab-aoi-defect-inspection-image-processing-18/work/photos_export/output/processed_images/good/good12/final_overlay.png,0.8649804784428657,0.34536559019921503,0.5692733184624621,0.45443195343017584,0.7824074074074076,1.0
good13.png,good,1170,1170,good,0.0,10,60524.7017096813,585.661590069656,151.37637854611725,3.8689100353344266,0.9660190898140757,0.919258647582347,0.26340371642013266,0.09068462166799621,0.2838641405105591,0.7919049714034316,225.35586756789337,113.62790926858102,91.67774743541328,score 0.00 < threshold 91.68,0.2916666666666667,0.18748603351955306,0.8302029284068055,1.0,/Users/diaoyingjie/Documents/Codex/2026-06-29/fab-aoi-defect-inspection-image-processing-18/work/photos_export/output/processed_images/good/good13/final_overlay.png,0.3921923458679959,0.099032555406141,0.10971329242545108,0.26709131240844725,0.23263888888888895,1.0
good14.png,good,1170,1170,good,63.426578169098285,30,3270.1722594307944,88.24177935904981,58.08279860563792,1.5192411777225288,0.7528227126241732,0.713371266002845,0.41143002472457924,0.760520026579344,0.6013376116752625,0.46642685851318944,597.6151025542579,719.3682690379036,91.67774743541328,score 63.43 < threshold 91.68,0.5555555555555556,0.0,0.3697079946730573,0.0,/Users/diaoyingjie/Documents/Codex/2026-06-29/fab-aoi-defect-inspection-image-processing-18/work/photos_export/output/processed_images/good/good14/final_overlay.png,0.9391115615894614,0.18874546953004803,0.7186545696175854,0.52107008934021,0.7824074074074076,1.0
good15.png,good,1170,1170,good,60.11630189689376,30,6752.463800554397,93.77054000791178,90.64279350502362,1.034506289821207,0.256121192792891,0.9823289533303127,1.7733407259641392,1.1977003236899666,1.415752649307251,0.10483210483210481,155.4218118121515,41.272680907823236,91.67774743541328,score 60.12 < threshold 91.68,0.5555555555555556,0.0,0.16903794486543594,1.0,/Users/diaoyingjie/Documents/Codex/2026-06-29/fab-aoi-defect-inspection-image-processing-18/work/photos_export/output/processed_images/good/good15/final_overlay.png,0.996765035329262,1.0,1.0,1.0,0.7824074074074076,1.0
good16.png,good,1170,1170,good,77.41690690833896,30,2274.3900759284443,76.14800029770467,44.73835707700104,1.7020741321958515,0.8092107515891932,0.8020833333333334,1.6192331663460577,0.5220503193715327,0.4367673993110657,0.5524590163934426,554.8837251781922,928.7134865408616,91.67774743541328,score 77.42 < threshold 91.68,0.5277777777777778,0.0,0.27541071373667353,0.0,/Users/diaoyingjie/Documents/Codex/2026-06-29/fab-aoi-defect-inspection-image-processing-18/work/photos_export/output/processed_images/good/good16/final_overlay.png,0.8473815854819625,0.9207473735430652,0.5018639267013933,0.3894139194488525,0.7245370370370371,1.0
good17.png,good,1170,1170,good,54.74083396160385,30,3765.117250047347,142.00957508008014,52.45140760271381,2.7074502205110056,0.9292898835957324,0.5234556432884347,0.722876714522012,0.5198947267640651,0.42492732405662537,0.7594752186588921,294.45754656653185,285.927471936491,91.67774743541328,score 54.74 < threshold 91.68,0.5555555555555556,0.0,0.2365333261220093,0.0,/Users/diaoyingjie/Documents/Codex/2026-06-29/fab-aoi-defect-inspection-image-processing-18/work/photos_export/output/processed_images/good/good17/final_overlay.png,0.45970099977352713,0.3775010391042497,0.499904297058241,0.3799418592453003,0.7824074074074076,1.0
good18.png,good,1170,1170,good,46.865280741787394,30,5090.8627606273985,99.61608570146362,69.31512068910718,1.4371479802835896,0.7182137231734352,0.8743257820927723,0.9241013642914931,0.5748046917502666,0.4373924136161804,0.4034632034632034,575.8325217472567,1113.2687441244163,91.67774743541328,score 46.87 < threshold 91.68,0.5555555555555556,0.0,0.2159019351603229,0.0,/Users/diaoyingjie/Documents/Codex/2026-06-29/fab-aoi-defect-inspection-image-processing-18/work/photos_export/output/processed_images/good/good18/final_overlay.png,0.9590173768484135,0.4994553722978747,0.5498224470456969,0.38991393089294435,0.7824074074074076,1.0
good19.png,good,1170,1170,good,51.97901747194327,30,2733.981852929529,105.34162513447994,31.985416313424643,3.293426732428268,0.9527883908798475,0.9166666666666666,0.9722406921502738,0.4504988620344132,0.4008758068084717,0.7623152709359606,691.2346532038138,161.68754609293956,91.67774743541328,score 51.98 < threshold 91.68,0.5555555555555556,0.2144177449168207,0.16198316055169693,0.0,/Users/diaoyingjie/Documents/Codex/2026-06-29/fab-aoi-defect-inspection-image-processing-18/work/photos_export/output/processed_images/good/good19/final_overlay.png,0.47729095863910187,0.5286307225153175,0.43681714730401194,0.3607006454467773,0.7824074074074076,1.0
good2.png,good,1170,1170,good,58.046019831193064,25,2327.4198963516465,68.99960422911585,40.6832427503657,1.6960202669315392,0.8076840033773011,0.9411764705882353,0.7221204427577346,0.3384696230892814,0.2613489627838135,0.4745098039215686,678.8252650850541,484.89155527961697,91.67774743541328,score 58.05 < threshold 91.68,0.4722222222222222,0.0,0.5499495236822595,0.0,/Users/diaoyingjie/Documents/Codex/2026-06-29/fab-aoi-defect-inspection-image-processing-18/work/photos_export/output/processed_images/good/good2/final_overlay.png,0.9300009379524644,0.3770426925804452,0.3349723846266195,0.24907917022705078,0.6087962962962963,1.0
good20.png,good,1170,1170,good,68.36146104359422,23,2368.665312236359,87.36548364409767,54.78451079847407,1.5947113950779512,0.7789607264609628,0.6204766107678729,0.8700934914012968,0.8305171592998929,0.6642391085624695,0.7055961070559611,666.615739244643,712.5233934331236,91.67774743541328,score 68.36 < threshold 91.68,0.5555555555555556,0.0,0.40757770326212406,0.0,/Users/diaoyingjie/Documents/Codex/2026-06-29/fab-aoi-defect-inspection-image-processing-18/work/photos_export/output/processed_images/good/good20/final_overlay.png,0.6530754414698968,0.46672332812199807,0.7822883266362662,0.5713912868499756,0.7824074074074076,1.0
good21.png,good,1170,1170,good,60.32674511161531,30,2698.628639314061,84.53212286921458,52.24121608180129,1.618111698181967,0.7861747105598477,0.7538883806038427,0.5681341385593721,0.522582006720834,0.538044810295105,0.5684210526315789,231.716273454215,143.28783620937236,91.67774743541328,score 60.33 < threshold 91.68,0.5277777777777778,0.0,0.423759389051414,0.0,/Users/diaoyingjie/Documents/Codex/2026-06-29/fab-aoi-defect-inspection-image-processing-18/work/photos_export/output/processed_images/good/good21/final_overlay.png,0.8384509202621996,0.2837176597329528,0.5023472788371218,0.47043584823608403,0.7245370370370371,1.0
good22.png,good,1170,1170,good,49.04178046017962,30,3435.1539229696455,77.42273809504212,57.13409633557331,1.3551056735071965,0.6748555770860469,0.9661921708185054,0.9183553943331327,0.6392378226944532,0.5362722277641296,0.34379263301500684,356.57200920136637,1116.326162884344,91.67774743541328,score 49.04 < threshold 91.68,0.5555555555555556,0.10618066561014262,0.14426395932020813,0.0,/Users/diaoyingjie/Documents/Codex/2026-06-29/fab-aoi-defect-inspection-image-processing-18/work/photos_export/output/processed_images/good/good22/final_overlay.png,0.9667088431087004,0.49597296626250476,0.6083980206313211,0.46901778221130375,0.7824074074074076,1.0
good23.png,good,1170,1170,good,54.22946217947906,30,2539.539178044455,99.02176765980067,38.548399897531844,2.568764667872525,0.921114323969567,0.8396946564885496,1.3533292800947005,0.0009075167191231403,0.14235910773277283,0.6616643929058663,655.6578342548544,331.8670166775398,91.67774743541328,score 54.23 < threshold 91.68,0.3194444444444444,0.005454545454545455,0.5096722268541024,0.0,/Users/diaoyingjie/Documents/Codex/2026-06-29/fab-aoi-defect-inspection-image-processing-18/work/photos_export/output/processed_images/good/good23/final_overlay.png,0.6511763198544599,0.7595935030876972,0.028097742471930125,0.15388728618621825,0.29050925925925924,1.0
good24.png,good,1170,1170,good,48.2821371578033,30,2144.7616260050618,79.06243937638784,62.08470182300108,1.2734608857716518,0.619164062720344,0.6076555023923444,0.2409079353706116,0.2669023769642203,0.13975490629673004,0.5681511470985154,1007.5833047573991,365.5812569772554,91.67774743541328,score 48.28 < threshold 91.68,0.5555555555555556,0.0,0.10176300271762434,0.0,/Users/diaoyingjie/Documents/Codex/2026-06-29/fab-aoi-defect-inspection-image-processing-18/work/photos_export/output/processed_images/good/good24/final_overlay.png,0.8235978791438835,0.08539874870946157,0.2699112517856548,0.15180392503738402,0.7824074074074076,1.0
good25.png,good,1170,1170,good,51.43117777907972,28,6540.344518861589,123.7136576482369,69.08834959956125,1.79065874876569,0.8295356937800515,0.8993144815766924,0.38798965295606114,0.28975867388611415,0.27539265155792236,0.5517241379310345,657.5368952454372,821.4007770965702,91.67774743541328,score 51.43 < threshold 91.68,0.5138888888888888,0.0,0.3618594156995472,0.0,/Users/diaoyingjie/Documents/Codex/2026-06-29/fab-aoi-defect-inspection-image-processing-18/work/photos_export/output/processed_images/good/good25/final_overlay.png,0.8398503339547593,0.17453918360973406,0.29068970353283097,0.2603141212463379,0.6956018518518517,1.0
good26.png,good,1170,1170,good,67.61400342804336,30,2262.6056713899548,62.14112143298897,48.21091323472652,1.288943047613304,0.6309426560894676,0.854679802955665,1.3125763299179962,0.5476371192582788,0.5247480869293213,0.30371900826446285,327.4579348109075,198.7478868793155,91.67774743541328,score 67.61 < threshold 91.68,0.5416666666666666,0.12128146453089245,0.7989833938241149,0.0,/Users/diaoyingjie/Documents/Codex/2026-06-29/fab-aoi-defect-inspection-image-processing-18/work/photos_export/output/processed_images/good/good26/final_overlay.png,0.9729115892862528,0.7348947454048462,0.5251246538711626,0.45979846954345704,0.7534722222222222,1.0
good27.png,good,1170,1170,good,79.58599164501926,8,2633.8144143523696,71.27841755562302,51.710933788188754,1.3784012844862543,0.6882452095198968,0.8498435870698644,1.5816130415774372,0.6453690564605832,0.6144858598709106,0.3941841680129241,862.1006040454405,948.8772791945587,91.67774743541328,score 79.59 < threshold 91.68,0.5138888888888888,0.0,0.345790671684246,0.0,/Users/diaoyingjie/Documents/Codex/2026-06-29/fab-aoi-defect-inspection-image-processing-18/work/photos_export/output/processed_images/good/good27/final_overlay.png,0.9645248795794137,0.8979472979257195,0.613971869509621,0.5315886878967285,0.6956018518518517,1.0
good28.png,good,1170,1170,good,65.49774765639368,30,2015.1331760816786,71.12435396281515,34.03334722479349,2.089843044030669,0.8780849180581252,0.955177743431221,0.9806983049269969,0.5099860953808244,0.3819085657596588,0.5843373493975903,230.91313896337485,759.3655408170707,91.67774743541328,score 65.50 < threshold 91.68,0.5555555555555556,0.0,0.13088411344962395,0.0,/Users/diaoyingjie/Documents/Codex/2026-06-29/fab-aoi-defect-inspection-image-processing-18/work/photos_export/output/processed_images/good/good28/final_overlay.png,0.7774721099930824,0.5337565484406043,0.490896450346204,0.34552685260772703,0.7824074074074076,1.0
good29.png,good,1170,1170,good,76.22300917883025,30,2592.5689984676565,88.67157955881964,37.19492651120261,2.383969747382428,0.907769933853773,0.9099201824401368,1.682443656082596,0.5050450324926001,0.4465848505496979,0.6522988505747127,905.0444739883866,259.4592948375401,91.67774743541328,score 76.22 < threshold 91.68,0.5555555555555556,0.0,0.16966564203270043,0.0,/Users/diaoyingjie/Documents/Codex/2026-06-29/fab-aoi-defect-inspection-image-processing-18/work/photos_export/output/processed_images/good/good29/final_overlay.png,0.6783593092621473,0.9590567612621793,0.48640457499327283,0.3972678804397583,0.7824074074074076,1.0
good3.png,good,1170,1170,good,43.62044251722579,30,3276.064461700039,115.76253914734139,40.64894466479289,2.847860875650391,0.9363226872288724,0.7089499647639183,0.3453785633728859,0.4441833891727534,0.33154982328414917,0.798,871.3607908383444,274.0128503696552,91.67774743541328,score 43.62 < threshold 91.68,0.5555555555555556,0.0,0.10973280419069999,0.0,/Users/diaoyingjie/Documents/Codex/2026-06-29/fab-aoi-defect-inspection-image-processing-18/work/photos_export/output/processed_images/good/good3/final_overlay.png,0.4678165399343451,0.14871428083205207,0.43107580833886666,0.30523985862731934,0.7824074074074076,0.7192806005477904
good30.png,good,1170,1170,good,47.73168482726437,30,3087.5139890842097,100.35830034754582,57.607959019197956,1.7420908856378896,0.818839270730427,0.6678545972915182,0.2607493386948642,0.41415339250704686,0.43097519874572754,0.725140712945591,692.4236781963174,137.614392086678,91.67774743541328,score 47.73 < threshold 91.68,0.5416666666666666,0.0,0.0894068275845327,0.0,/Users/diaoyingjie/Documents/Codex/2026-06-29/fab-aoi-defect-inspection-image-processing-18/work/photos_export/output/processed_images/good/good30/final_overlay.png,0.6344780070469459,0.09742384163325105,0.4037758113700426,0.384780158996582,0.7534722222222222,1.0
good31.png,good,1170,1170,good,18.289595565857326,30,18006.570134811725,176.56039605991472,165.82018761219325,1.0647702104453036,0.34345324559616314,0.7307163395424427,0.9601939938019348,0.8842398391231209,0.6432135105133057,0.3275985663082437,774.4424755048949,124.00748779170245,91.67774743541328,score 18.29 < threshold 91.68,0.5555555555555556,0.35074816129850367,0.675335457461442,0.0,/Users/diaoyingjie/Documents/Codex/2026-06-29/fab-aoi-defect-inspection-image-processing-18/work/photos_export/output/processed_images/good/good31/final_overlay.png,0.9874999059515669,0.5213296932132939,0.8311271264755644,0.5545708084106445,0.7824074074074076,1.0
good32.png,good,1170,1170,good,63.941701526396464,30,5002.479726588728,97.7962500227932,65.77312572368447,1.4868724718000959,0.7400492903079916,0.9573060733613951,0.8770062886730724,0.3978493524434467,0.3225911855697632,0.40504050405040504,572.0321012631491,592.9747864022788,91.67774743541328,score 63.94 < threshold 91.68,0.5277777777777778,0.0,0.1444349397333879,0.0,/Users/diaoyingjie/Documents/Codex/2026-06-29/fab-aoi-defect-inspection-image-processing-18/work/photos_export/output/processed_images/good/good32/final_overlay.png,0.9543557057687411,0.47091290222610455,0.3889539567667697,0.29807294845581056,0.7245370370370371,1.0
good33.png,good,1170,1170,good,74.99180564756475,28,3647.2732046624533,105.98163074477579,42.89229780806545,2.470877900247327,0.9144431151370308,0.9660729431721798,2.0361380845320367,0.47430222856974047,0.47442206740379333,0.6755373592630501,363.60026474315595,834.5499075102113,91.67774743541328,score 74.99 < threshold 91.68,0.5277777777777778,0.0,0.6609227664268695,0.0,/Users/diaoyingjie/Documents/Codex/2026-06-29/fab-aoi-defect-inspection-image-processing-18/work/photos_export/output/processed_images/good/good33/final_overlay.png,0.6457500818380761,1.0,0.4584565714270368,0.4195376539230347,0.7245370370370371,1.0
good34.png,good,1170,1170,good,61.620495917191136,30,2268.4978736591997,79.56832687884445,36.171539789413515,2.1997495086491194,0.8906971271147309,0.9036458333333334,1.181945558034079,0.4532620952607881,0.4465864300727844,0.5989110707803993,542.6213076896192,969.0606284240469,91.67774743541328,score 61.62 < threshold 91.68,0.5277777777777778,0.0,0.3640032209248063,0.0,/Users/diaoyingjie/Documents/Codex/2026-06-29/fab-aoi-defect-inspection-image-processing-18/work/photos_export/output/processed_images/good/good34/final_overlay.png,0.7518276195847774,0.6557245806267145,0.4393291775098073,0.39726914405822755,0.7245370370370371,1.0
good35.png,good,1170,1170,good,41.777545781959226,27,3376.2319002771983,125.01773493913198,74.37788943532097,1.680845421781529,0.803771072046823,0.4847309743092584,2.4303697179271744,0.5935815307726521,0.5256001949310303,0.6773733047822983,931.4957798368208,65.41590338426012,91.67774743541328,score 41.78 < threshold 91.68,0.5277777777777778,0.33125,0.4253464460266577,0.0,/Users/diaoyingjie/Documents/Codex/2026-06-29/fab-aoi-defect-inspection-image-processing-18/work/photos_export/output/processed_images/good/good35/final_overlay.png,0.6294600438998765,1.0,0.5668923007024109,0.4604801559448243,0.7245370370370371,1.0
good36.png,good,1170,1170,good,65.32914209188296,30,9910.684216869544,187.99649266286508,95.60760806704951,1.966334023658696,0.8610262027090233,0.7166175470414872,1.16361646087453,0.5091355048566403,0.518943727016449,0.7249621785173979,585.7306307084333,633.0639148253127,91.67774743541328,score 65.33 < threshold 91.68,0.5277777777777778,0.11808846761453397,0.23436441033272756,0.0,/Users/diaoyingjie/Documents/Codex/2026-06-29/fab-aoi-defect-inspection-image-processing-18/work/photos_export/output/processed_images/good/good36/final_overlay.png,0.6298974604178637,0.6446160368936545,0.4901231862333093,0.4551549816131592,0.7245370370370371,1.0
good37.png,good,1170,1170,good,38.40754001443982,30,2368.665312236359,78.47477908945676,40.92877407786262,1.917349856122416,0.8532187492016985,0.8505882352941176,0.4424652344458868,0.3797357015640658,0.32088398933410645,0.5637931034482759,1085.2947662480144,847.223902025658,91.67774743541328,score 38.41 < threshold 91.68,0.5416666666666666,0.0,0.47377224599666884,0.0,/Users/diaoyingjie/Documents/Codex/2026-06-29/fab-aoi-defect-inspection-image-processing-18/work/photos_export/output/processed_images/good/good37/final_overlay.png,0.815268868411391,0.20755468754296172,0.37248700142187796,0.29670719146728514,0.7534722222222222,1.0
good38.png,good,1170,1170,good,51.61256376883667,19,11383.734784180711,195.097122350669,116.27185275445834,1.677939395725232,0.8030073811859837,0.5613259668508287,0.8478548046581886,0.4684036762873669,0.5272213220596313,0.7061987704918034,518.5640896998995,300.4206354291607,91.67774743541328,score 51.61 < threshold 91.68,0.5138888888888888,0.0,0.8411510086242967,0.0,/Users/diaoyingjie/Documents/Codex/2026-06-29/fab-aoi-defect-inspection-image-processing-18/work/photos_export/output/processed_images/good/good38/final_overlay.png,0.6249215525394884,0.453245336156478,0.45309425117033353,0.4617770576477051,0.6956018518518517,1.0
good39.png,good,1170,1170,good,86.58714287654978,29,16981.326939963154,184.00646969490523,158.30383253295392,1.162362696788158,0.5097599770267415,0.7317008251264306,2.451550825374786,0.6984932089161092,0.6568711996078491,0.38825448613376834,463.3271710407684,557.912735048666,91.67774743541328,score 86.59 < threshold 91.68,0.5416666666666666,0.06990580069410014,0.07164369478821256,0.0,/Users/diaoyingjie/Documents/Codex/2026-06-29/fab-aoi-defect-inspection-image-processing-18/work/photos_export/output/processed_images/good/good39/final_overlay.png,0.9786787722182538,1.0,0.6622665535600992,0.5654969596862793,0.7534722222222222,1.0
good4.png,good,1170,1170,good,67.74586580245048,30,7430.067061517535,110.88274753934614,93.92456656175035,1.1805510698465316,0.5314940233651763,0.8332749562171629,1.0692585895866393,0.5349038637700045,0.4155091345310211,0.2661962796664529,333.96220005399454,256.8132493901549,91.67774743541328,score 67.75 < threshold 91.68,0.4305555555555556,0.08668515950069348,0.34131652391189526,0.0,/Users/diaoyingjie/Documents/Codex/2026-06-29/fab-aoi-defect-inspection-image-processing-18/work/photos_export/output/processed_images/good/good4/final_overlay.png,0.9830733372018877,0.5874294482343269,0.5135489670636405,0.3724073076248169,0.5219907407407408,1.0
good40.png,good,1170,1170,good,48.74448510839969,30,3959.559924932421,107.81006872406638,49.25037949906345,2.1890200607716435,0.8895563721610517,0.8768577494692145,0.6548169116021018,0.3352257417131237,0.34740492701530457,0.6625475285171103,723.2207663128485,141.78804500469033,91.67774743541328,score 48.74 < threshold 91.68,0.5138888888888888,0.18775510204081633,0.5499464181013706,0.0,/Users/diaoyingjie/Documents/Codex/2026-06-29/fab-aoi-defect-inspection-image-processing-18/work/photos_export/output/processed_images/good/good40/final_overlay.png,0.6858477603372792,0.3362526736982435,0.3320234015573852,0.31792394161224363,0.6956018518518517,1.0
good41.png,good,1170,1170,good,40.773807562519465,16,4336.660870164081,126.12830213491351,42.373914283340895,2.97655537063519,0.9418766787815316,0.9638810198300283,1.7718371687145982,0.3213433555311954,0.26498186588287354,0.7323943661971831,115.50897962324846,1021.0669711417676,91.67774743541328,score 40.77 < threshold 91.68,0.4444444444444444,0.21032745591939547,0.7729015837401045,0.0,/Users/diaoyingjie/Documents/Codex/2026-06-29/fab-aoi-defect-inspection-image-processing-18/work/photos_export/output/processed_images/good/good41/final_overlay.png,0.538493338005916,1.0,0.3194030504829049,0.25198549270629883,0.5509259259259259,1.0
good42.png,good,1170,1170,good,59.159830167631505,30,14070.579018956283,223.31403882671688,97.13806753831285,2.298934336310923,0.900438109234792,0.7714916751613999,2.0002720211865044,0.5966692359435185,0.5991807579994202,0.5877722382576751,555.4804600126021,1032.2037743532806,91.67774743541328,score 59.16 < threshold 91.68,0.4166666666666667,0.1820307281229125,0.19492086324478367,0.0,/Users/diaoyingjie/Documents/Codex/2026-06-29/fab-aoi-defect-inspection-image-processing-18/work/photos_export/output/processed_images/good/good42/final_overlay.png,0.7542541288575088,1.0,0.5696993054031986,0.5193446063995362,0.49305555555555564,1.0
good43.png,good,1170,1170,good,67.43159579792496,30,6581.589934746302,134.08398568877539,81.13821433292878,1.6525380400731757,0.7961268335963014,0.6766428106701367,2.434554007409411,0.27145905908982126,0.27454873919487,0.6458123107971745,393.0405413362495,530.5813092116992,91.67774743541328,score 67.43 < threshold 91.68,0.4861111111111111,0.0,0.49133500791014667,0.0,/Users/diaoyingjie/Documents/Codex/2026-06-29/fab-aoi-defect-inspection-image-processing-18/work/photos_export/output/processed_images/good/good43/final_overlay.png,0.7293065719870366,1.0,0.2740536900816557,0.25963899135589597,0.6377314814814815,1.0
good44.png,good,1170,1170,good,67.63461678097829,30,2280.282278197689,58.276341109849604,47.471212608685626,1.2276143352442401,0.5800398828222214,0.9604904632152589,0.7258938375994247,0.6486831591365727,0.512509286403656,0.22869955156950672,597.0810006169362,580.3629432773193,91.67774743541328,score 67.63 < threshold 91.68,0.5555555555555556,0.0,0.1922633868735968,0.0,/Users/diaoyingjie/Documents/Codex/2026-06-29/fab-aoi-defect-inspection-image-processing-18/work/photos_export/output/processed_images/good/good44/final_overlay.png,0.9786611560708526,0.37932959854510595,0.616984690124157,0.45000742912292485,0.7824074074074076,1.0
good45.png,good,1170,1170,good,62.65097495243105,25,7459.528072863758,438.38831446477485,110.23040795227303,3.9770179808695425,0.9678716725958993,0.34411764705882353,1.9768387664859417,0.5482802588892296,0.5500996112823486,0.9674025974025974,407.0372344844074,769.3653958269174,91.67774743541328,score 62.65 < threshold 91.68,0.5555555555555556,0.0593866866118175,0.8229850262352731,0.0,/Users/diaoyingjie/Documents/Codex/2026-06-29/fab-aoi-defect-inspection-image-processing-18/work/photos_export/output/processed_images/good/good45/final_overlay.png,0.18561044664642157,1.0,0.525709326262936,0.48007968902587894,0.7824074074074076,1.0
good46.png,good,1170,1170,good,68.48630497600763,30,6198.5967872453975,163.80271199333222,70.55109257519986,2.321760103413511,0.9024914737150553,0.6918418240114,1.3652625324051466,0.5372795457191287,0.5500710010528564,0.8144285093437635,724.9055208704777,293.9455568938829,91.67774743541328,score 68.49 < threshold 91.68,0.5555555555555556,0.10859188544152745,0.1991635034964609,0.0,/Users/diaoyingjie/Documents/Codex/2026-06-29/fab-aoi-defect-inspection-image-processing-18/work/photos_export/output/processed_images/good/good46/final_overlay.png,0.49414260601710247,0.7668257772152404,0.5157086779264807,0.4800568008422852,0.7824074074074076,1.0
good47.png,good,1170,1170,good,50.61811780273602,12,2610.2456052753905,106.42877444192087,31.163628071670214,3.415159948551421,0.9561700167374978,0.9648484848484848,1.2251811788913944,0.20673974573436485,0.12051210552453995,0.7725437415881561,638.7431740661874,247.11613239589073,91.67774743541328,score 50.62 < threshold 91.68,0.5138888888888888,0.18976545842217485,0.5054255290347103,0.0,/Users/diaoyingjie/Documents/Codex/2026-06-29/fab-aoi-defect-inspection-image-processing-18/work/photos_export/output/processed_images/good/good47/final_overlay.png,0.4551116584147189,0.6819279872069057,0.21521795066760438,0.13640968441963194,0.6956018518518517,1.0
good48.png,good,1170,1170,good,64.15005019097613,30,1997.4565692739445,73.44091462891132,32.63909624819934,2.250090323287152,0.895815267831716,0.9605055292259084,3.4206630934515463,0.742769660520291,0.7032564878463745,0.6206225680933852,1066.4825996620525,194.5582979447614,91.67774743541328,score 64.15 < threshold 91.68,0.5555555555555556,0.0,0.8061617605491608,0.0,/Users/diaoyingjie/Documents/Codex/2026-06-29/fab-aoi-defect-inspection-image-processing-18/work/photos_export/output/processed_images/good/good48/final_overlay.png,0.7242539605145819,1.0,0.7025178732002645,0.6026051902770997,0.7824074074074076,1.0
good49.png,good,1170,1170,good,79.11961515992417,15,11083.232468449232,159.32090411047716,114.18616061388704,1.3952733260662848,0.6973760068216335,0.8776908023483366,2.556846160553914,0.4749188592903203,0.4929918944835663,0.4595435684647303,582.0192519065255,570.9466372288114,91.67774743541328,score 79.12 < threshold 91.68,0.5416666666666666,0.14063714063714064,0.031168490924591126,0.0,/Users/diaoyingjie/Documents/Codex/2026-06-29/fab-aoi-defect-inspection-image-processing-18/work/photos_export/output/processed_images/good/good49/final_overlay.png,0.9629431256812858,1.0,0.45901714480938205,0.4343935155868531,0.7534722222222222,1.0
good5.png,good,1170,1170,good,55.05214881570903,30,2003.3487715431895,84.88464125953769,30.217085636502972,2.8091604293233026,0.9344942423437793,0.8645533141210374,0.6803385792545201,0.4501799909977602,0.3646637201309204,0.702048417132216,658.724957224739,603.2456185115323,91.67774743541328,score 55.05 < threshold 91.68,0.5138888888888888,0.0,0.46829552518756,0.0,/Users/diaoyingjie/Documents/Codex/2026-06-29/fab-aoi-defect-inspection-image-processing-18/work/photos_export/output/processed_images/good/good5/final_overlay.png,0.5861297180328183,0.35172035106334554,0.43652726454341834,0.33173097610473634,0.6956018518518517,1.0
good50.png,good,1170,1170,good,54.57459578284043,30,8508.34007678931,131.97553310156857,88.49178314208984,1.4913874307364512,0.7418945447343941,0.9090307641415812,3.8725053744189197,0.8132039705579511,0.7100241184234619,0.4028361344537815,435.42378943985426,571.3232494686648,91.67774743541328,score 54.57 < threshold 91.68,0.5555555555555556,0.045084533500313086,0.9603996221999463,0.0,/Users/diaoyingjie/Documents/Codex/2026-06-29/fab-aoi-defect-inspection-image-processing-18/work/photos_export/output/processed_images/good/good50/final_overlay.png,0.9539324283684577,1.0,0.7665490641435919,0.6080192947387696,0.7824074074074076,1.0
good6.png,good,1170,1170,good,60.12219257541914,30,3317.309877584752,87.29707266779856,71.69854595453413,1.2175570857902176,0.5704724663024817,0.6610279765777488,0.45920508126587495,0.522315071026196,0.47809508442878723,0.4964102564102564,355.7628929169841,261.6553353274017,91.67774743541328,score 60.12 < threshold 91.68,0.5555555555555556,0.0,0.3302036794177781,0.0,/Users/diaoyingjie/Documents/Codex/2026-06-29/fab-aoi-defect-inspection-image-processing-18/work/photos_export/output/processed_images/good/good6/final_overlay.png,0.9221464121608836,0.21770004925204542,0.5021046100238146,0.4224760675430298,0.7824074074074076,1.0
good8.png,good,1170,1170,good,62.567187156698644,30,2274.3900759284443,80.80519695994269,32.845854719644755,2.4601337870380937,0.91365880797482,0.9495225102319236,1.1674100064860682,0.3373084958486972,0.3252389430999756,0.6486486486486487,509.6728110412344,160.45196311602453,91.67774743541328,score 62.57 < threshold 91.68,0.5,0.0,0.5943594584316003,0.0,/Users/diaoyingjie/Documents/Codex/2026-06-29/fab-aoi-defect-inspection-image-processing-18/work/photos_export/output/processed_images/good/good8/final_overlay.png,0.6750612483613381,0.6469151554461019,0.3339168144079065,0.30019115447998046,0.6666666666666667,1.0
good9.png,good,1170,1170,good,83.9537163448415,30,2539.539178044455,82.92190923730367,38.27697138568672,2.166365473426967,0.8870868119914082,0.9095127610208816,4.396563388068522,0.757915741909058,0.6778756380081177,0.6101694915254237,474.9714451706755,385.8487587449956,91.67774743541328,score 83.95 < threshold 91.68,0.5555555555555556,0.0,0.5676167852258619,0.0,/Users/diaoyingjie/Documents/Codex/2026-06-29/fab-aoi-defect-inspection-image-processing-18/work/photos_export/output/processed_images/good/good9/final_overlay.png,0.7431064036815653,1.0,0.7162870380991436,0.5823005104064942,0.7824074074074076,1.0
bad1.png,unknown,1170,1170,unvalidated,84.81669015716287,30,3906.5301045092197,80.84284707223725,60.23711006671066,1.3420771179544704,0.6669374980535091,0.9678683385579937,2.7252600479875,0.8858764328729546,0.6759545803070068,0.33127317676143386,841.3137418501605,1000.3331487505267,,threshold unavailable: need both bad and good validation samples,0.5555555555555556,0.1703056768558952,0.37338993236974805,0.0,/Users/diaoyingjie/Documents/Codex/2026-06-29/fab-aoi-defect-inspection-image-processing-18/work/photos_export/output/processed_images/unknown/bad1/final_overlay.png,0.9679302701917685,1.0,0.8326149389754132,0.5807636642456055,0.7824074074074076,1.0
bad10.png,unknown,1170,1170,unvalidated,60.24015778636678,12,4914.096692550059,168.77219346549006,41.1421555800062,4.102171874229849,0.9698322407662481,0.7202097235462345,2.090078961361955,0.2204215479504701,0.1378067284822464,0.8470967741935485,821.4568540960921,377.37057571094556,,threshold unavailable: need both bad and good validation samples,0.4027777777777778,0.023084994753410283,0.5722500401652663,0.0,/Users/diaoyingjie/Documents/Codex/2026-06-29/fab-aoi-defect-inspection-image-processing-18/work/photos_export/output/processed_images/unknown/bad10/final_overlay.png,0.3022973218043824,1.0,0.22765595268224553,0.1502453827857971,0.4641203703703704,1.0
bad11.png,unknown,1170,1170,unvalidated,74.14338187780442,30,3629.596597854719,101.4998784203747,56.88024049972597,1.7844488266687917,0.82822403815442,0.7183908045977011,1.720229232529416,0.42095914159785147,0.33451738953590393,0.58203125,427.5400448241174,225.333310835589,,threshold unavailable: need both bad and good validation samples,0.5138888888888888,0.06220095693779904,0.5779540980525847,0.0,/Users/diaoyingjie/Documents/Codex/2026-06-29/fab-aoi-defect-inspection-image-processing-18/work/photos_export/output/processed_images/unknown/bad11/final_overlay.png,0.7979938924534205,0.9819571106238885,0.4099628559980467,0.30761391162872315,0.6956018518518517,1.0
bad12.png,unknown,1170,1170,unvalidated,96.76835199427678,30,6074.860539591259,96.05396468609695,76.66972658940864,1.2528277973455835,0.6024000896529578,0.9789579158316634,2.222711771085287,1.54501901302872,1.3402066230773926,0.24537815126050422,234.11408372934426,909.5364120293455,,threshold unavailable: need both bad and good validation samples,0.5555555555555556,0.0,0.07061575169796747,0.0,/Users/diaoyingjie/Documents/Codex/2026-06-29/fab-aoi-defect-inspection-image-processing-18/work/photos_export/output/processed_images/unknown/bad12/final_overlay.png,0.9762973939988516,1.0,1.0,1.0,0.7824074074074076,1.0
bad13.png,unknown,1170,1170,unvalidated,76.31854809118329,30,2633.8144143523696,74.03079262412929,73.48766706791162,1.0073907034729483,0.12090963344683343,0.6486928104575164,1.42107670714226,0.6628996709489983,0.5725200772285461,0.5025,437.9837007641297,730.7021195660982,,threshold unavailable: need both bad and good validation samples,0.5416666666666666,0.13981358189081225,0.5454732762944648,0.0,/Users/diaoyingjie/Documents/Codex/2026-06-29/fab-aoi-defect-inspection-image-processing-18/work/photos_export/output/processed_images/unknown/bad13/final_overlay.png,0.9313275320527938,0.8006525497831879,0.6299087917718166,0.49801606178283697,0.7534722222222222,1.0
bad14.png,unknown,1170,1170,unvalidated,69.80492750348833,30,2074.0551987741255,66.80483232395282,45.530639149835984,1.4672500446151429,0.7317742564817598,0.8620218579234973,0.4925207459426483,1.0062014767018275,0.6985605359077454,0.39501039501039503,367.1296710888874,680.1344444939704,,threshold unavailable: need both bad and good validation samples,0.5555555555555556,0.0,0.16990156357873967,0.0,/Users/diaoyingjie/Documents/Codex/2026-06-29/fab-aoi-defect-inspection-image-processing-18/work/photos_export/output/processed_images/unknown/bad14/final_overlay.png,0.9561953083173304,0.23789136117736262,0.9420013424562067,0.5988484287261964,0.7824074074074076,1.0
bad15.png,unknown,1170,1170,unvalidated,0.0,6,2574.8923916599233,138.86722596354502,31.746521906239362,4.374250079226869,0.9735179437434208,0.6218905472636815,-1.4216415615914575,0.22400533931878136,0.3895670771598816,0.9240121580547113,943.0473454265673,45.28075111357503,,threshold unavailable: need both bad and good validation samples,0.3333333333333333,0.4624,0.5827056961371903,0.0,/Users/diaoyingjie/Documents/Codex/2026-06-29/fab-aoi-defect-inspection-image-processing-18/work/photos_export/output/processed_images/unknown/bad15/final_overlay.png,0.2409609041603749,0.0,0.23091394483525574,0.35165366172790524,0.3194444444444444,1.0
bad16.png,unknown,1170,1170,unvalidated,69.06819990669193,30,2250.8212668514657,92.67772373816778,35.56900604137246,2.6055753042513676,0.9234194028312901,0.8506900878293601,1.5620264410497473,0.4191413987019243,0.36059558391571045,0.6949152542372881,468.2135000268453,739.7427393489853,,threshold unavailable: need both bad and good validation samples,0.4861111111111111,0.0,0.6267225719984242,0.0,/Users/diaoyingjie/Documents/Codex/2026-06-29/fab-aoi-defect-inspection-image-processing-18/work/photos_export/output/processed_images/unknown/bad16/final_overlay.png,0.612724416029289,0.8860766309392408,0.40831036245629476,0.32847646713256834,0.6377314814814815,1.0
bad17.png,unknown,1170,1170,unvalidated,67.98351251726368,20,2999.1309550455394,102.23796322137983,41.46098239787881,2.4658837612735978,0.914079907827649,0.7925347222222222,1.301683892784483,0.45852033666131153,0.47143983840942383,0.6689814814814814,939.5635340520455,954.3764549666914,,threshold unavailable: need both bad and good validation samples,0.5555555555555556,0.078003120124805,0.5271696795740948,0.0,/Users/diaoyingjie/Documents/Codex/2026-06-29/fab-aoi-defect-inspection-image-processing-18/work/photos_export/output/processed_images/unknown/bad17/final_overlay.png,0.6531192063474619,0.728293268354232,0.44410939696482865,0.4171518707275391,0.7824074074074076,1.0
bad18.png,unknown,1170,1170,unvalidated,55.07145850250407,30,2127.0850191973277,76.5851990315924,36.817156803558476,2.080149736717047,0.8768661368768916,0.8940852819807428,1.0235158502693749,0.2616548311265484,0.21263308823108673,0.5882352941176471,1031.3184689090458,877.6583786327313,,threshold unavailable: need both bad and good validation samples,0.4305555555555556,0.12296983758700696,0.45942690488060556,0.0,/Users/diaoyingjie/Documents/Codex/2026-06-29/fab-aoi-defect-inspection-image-processing-18/work/photos_export/output/processed_images/unknown/bad18/final_overlay.png,0.7742777578484116,0.5597065759208333,0.2651407555695895,0.21010647058486936,0.5219907407407408,1.0
bad19.png,unknown,1170,1170,unvalidated,64.93359805760582,30,2710.4130438525503,66.41259889879662,48.83630234176192,1.3599022799480969,0.677690826618729,0.9636363636363636,1.3802277644636114,0.0926861188135841,0.0857694000005722,0.33989266547406083,685.6776225616328,383.6518293198708,,threshold unavailable: need both bad and good validation samples,0.4722222222222222,0.0,0.4580173577727056,0.0,/Users/diaoyingjie/Documents/Codex/2026-06-29/fab-aoi-defect-inspection-image-processing-18/work/photos_export/output/processed_images/unknown/bad19/final_overlay.png,0.966259161254866,0.7758956148264311,0.11153283528507645,0.10861552000045775,0.6087962962962963,1.0
bad2.png,unknown,1170,1170,unvalidated,50.51239602930653,30,2044.5941874279022,91.99228983202416,34.409517311950935,2.673454817690043,0.9274094097871922,0.7472256473489519,0.5796145608063958,0.31484223742490586,0.24022714793682098,0.7701674277016743,426.28738688235455,727.3663159129036,,threshold unavailable: need both bad and good validation samples,0.5555555555555556,0.0,0.08026659655481092,0.0,/Users/diaoyingjie/Documents/Codex/2026-06-29/fab-aoi-defect-inspection-image-processing-18/work/photos_export/output/processed_images/unknown/bad2/final_overlay.png,0.526223113254359,0.2906754913978157,0.31349294311355075,0.23218171834945678,0.7824074074074076,1.0
bad20.png,unknown,1170,1170,unvalidated,50.813926616293315,30,2097.624007851104,58.35180800980057,45.82570546890195,1.2733422740081772,0.619071281856682,0.9556868537666174,1.6913783223815861,0.619407865188725,0.5379563570022583,0.29383886255924174,1087.3492437972072,44.03244525070507,,threshold unavailable: need both bad and good validation samples,0.4861111111111111,0.22252747252747251,0.6244800674643836,0.0,/Users/diaoyingjie/Documents/Codex/2026-06-29/fab-aoi-defect-inspection-image-processing-18/work/photos_export/output/processed_images/unknown/bad20/final_overlay.png,0.9743741618117334,0.9644717105342946,0.5903707865352046,0.4703650856018067,0.6377314814814815,1.0
bad21.png,unknown,1170,1170,unvalidated,59.42634925788158,30,10900.574198102648,156.1754992789747,93.12080240843207,1.6771279374718218,0.8027932939093188,0.8450299401197605,0.6443623972556223,0.5052151962294091,0.2932111322879791,0.5100931677018634,584.488380717044,630.407035479407,,threshold unavailable: need both bad and good validation samples,0.5,0.0,0.2881377460400332,0.0,/Users/diaoyingjie/Documents/Codex/2026-06-29/fab-aoi-defect-inspection-image-processing-18/work/photos_export/output/processed_images/unknown/bad21/final_overlay.png,0.8943159214390027,0.3299166043973469,0.48655926929946286,0.2745689058303833,0.6666666666666667,1.0
bad22.png,unknown,1170,1170,unvalidated,63.48813013900886,30,3122.867202699678,116.10083457345289,43.35920179533266,2.677651565669514,0.9276456456608627,0.6619817287420942,0.7268236196163796,0.80983480760155,0.7142208814620972,0.767578125,447.809065189599,615.7533080548171,,threshold unavailable: need both bad and good validation samples,0.5555555555555556,0.0,0.23983730344055412,0.0,/Users/diaoyingjie/Documents/Codex/2026-06-29/fab-aoi-defect-inspection-image-processing-18/work/photos_export/output/processed_images/unknown/bad22/final_overlay.png,0.5001406103869005,0.37989310279780586,0.7634861887286818,0.6113767051696778,0.7824074074074076,1.0
bad23.png,unknown,1170,1170,unvalidated,38.99052882621722,30,4483.965926895197,177.85075967242608,44.858252220628664,3.9647278007554436,0.9676688435720079,0.702061855670103,0.6169661297385726,0.4465066760558622,0.40582266449928284,0.8128544423440454,445.2052626867017,129.69301587813126,,threshold unavailable: need both bad and good validation samples,0.5138888888888888,0.2680320569902048,0.4332646649934929,0.0,/Users/diaoyingjie/Documents/Codex/2026-06-29/fab-aoi-defect-inspection-image-processing-18/work/photos_export/output/processed_images/unknown/bad23/final_overlay.png,0.34517797424214625,0.3133128059021652,0.43318788732351104,0.3646581315994263,0.6956018518518517,1.0
bad24.png,unknown,1170,1170,unvalidated,55.59488463706514,30,2003.3487715431895,73.6542452024721,32.59400361801084,2.259748328731612,0.8967551040659731,0.924357034795764,0.5752030572181162,0.42736404194242833,0.26353874802589417,0.6168958742632613,592.400571261204,561.354618309939,,threshold unavailable: need both bad and good validation samples,0.5555555555555556,0.0,0.37339438632199023,0.0,/Users/diaoyingjie/Documents/Codex/2026-06-29/fab-aoi-defect-inspection-image-processing-18/work/photos_export/output/processed_images/unknown/bad24/final_overlay.png,0.7272713581148206,0.2880018528594644,0.4157854926749348,0.2508309984207153,0.7824074074074076,1.0
bad25.png,unknown,1170,1170,unvalidated,45.623146791495444,30,2828.257089237444,113.19936839376741,52.75279369591677,2.145845944127304,0.8847759349818848,0.5809786354238456,0.3427521245507494,0.431073227678881,0.4113679826259613,0.8116591928251121,551.9957597028169,683.6795924016549,,threshold unavailable: need both bad and good validation samples,0.5416666666666666,0.0,0.21252442394533383,0.0,/Users/diaoyingjie/Documents/Codex/2026-06-29/fab-aoi-defect-inspection-image-processing-18/work/photos_export/output/processed_images/unknown/bad25/final_overlay.png,0.476595232273966,0.1471224997277269,0.41915747970807365,0.36909438610076906,0.7534722222222222,0.8286911574277009
bad26.png,unknown,1170,1170,unvalidated,20.502094940701582,30,4784.468242626675,132.18661818761547,66.23244135211611,1.9957986673760462,0.8654168636851117,0.6684684684684684,2.8483332787450313,0.32333040231201954,0.17456574738025665,0.7826343768458358,1117.4369615736837,398.0705444842453,,threshold unavailable: need both bad and good validation samples,0.375,0.19375500400320256,0.644289505007177,1.0,/Users/diaoyingjie/Documents/Codex/2026-06-29/fab-aoi-defect-inspection-image-processing-18/work/photos_export/output/processed_images/unknown/bad26/final_overlay.png,0.5503778800238598,1.0,0.32120945664729045,0.17965259790420532,0.40625000000000006,1.0
bad27.png,unknown,1170,1170,unvalidated,34.15632509260291,30,6104.321550937483,143.61752007512135,59.146789297523334,2.4281541192826013,0.9112582198572726,0.8194915254237288,0.8370017559065802,0.4785909140238128,0.5084574222564697,0.682567726737338,208.45039304361302,965.5933364298334,,threshold unavailable: need both bad and good validation samples,0.5416666666666666,0.1823480432972523,0.3190954411173772,0.0,/Users/diaoyingjie/Documents/Codex/2026-06-29/fab-aoi-defect-inspection-image-processing-18/work/photos_export/output/processed_images/unknown/bad27/final_overlay.png,0.6423550494884792,0.4466677308524729,0.46235537638528434,0.4467659378051758,0.7534722222222222,1.0
bad28.png,unknown,1170,1170,unvalidated,65.15922559228609,30,2510.078166698231,79.10588608737802,50.95403782064984,1.5524949438907716,0.7649206841020577,0.7908902691511387,0.9155376356622236,0.45933782836774684,0.41468122601509094,0.48275862068965514,590.2723120851635,929.9731818867916,,threshold unavailable: need both bad and good validation samples,0.5,0.0,0.6289169274111674,0.0,/Users/diaoyingjie/Documents/Codex/2026-06-29/fab-aoi-defect-inspection-image-processing-18/work/photos_export/output/processed_images/unknown/bad28/final_overlay.png,0.9347734719684978,0.494265233734681,0.4448525712434062,0.37174498081207275,0.6666666666666667,1.0
bad29.png,unknown,1170,1170,unvalidated,48.32787938382428,30,3281.956663969284,84.87527040030452,71.38546480677434,1.1889713211232045,0.5409368980149842,0.671562082777036,0.7845468082425406,-0.09035972268534725,-0.012444721534848213,0.4924892703862661,862.5227742175343,178.01386077374343,,threshold unavailable: need both bad and good validation samples,0.3472222222222222,0.012971698113207548,0.14597126378858294,0.0,/Users/diaoyingjie/Documents/Codex/2026-06-29/fab-aoi-defect-inspection-image-processing-18/work/photos_export/output/processed_images/unknown/bad29/final_overlay.png,0.9324650500409754,0.4148768534803277,0.0,0.03004422277212143,0.34837962962962965,1.0
bad3.png,unknown,1170,1170,unvalidated,47.81695643953443,24,2586.6767961984124,97.48210400466601,47.49857977712797,2.052316184232663,0.8732600946286457,0.6119402985074627,0.6058265517590861,0.9807521167763833,0.8276487588882446,0.7763157894736842,921.6761564515932,832.2859375506515,,threshold unavailable: need both bad and good validation samples,0.5555555555555556,0.32200886262924666,0.5905282337141283,0.0,/Users/diaoyingjie/Documents/Codex/2026-06-29/fab-aoi-defect-inspection-image-processing-18/work/photos_export/output/processed_images/unknown/bad3/final_overlay.png,0.5328877841004815,0.30656154652065826,0.9188655607058029,0.7021190071105957,0.7824074074074076,1.0
bad30.png,unknown,1170,1170,unvalidated,57.08607545109589,30,5968.800898744855,117.61424685909539,90.10420985241647,1.3053135591748506,0.6427220491235847,0.7667744543249798,0.9456802941276546,0.1849831128314382,0.11336322873830795,0.46829268292682924,614.4554255315377,387.17127218286026,,threshold unavailable: need both bad and good validation samples,0.4305555555555556,0.0,0.2736331973353407,0.0,/Users/diaoyingjie/Documents/Codex/2026-06-29/fab-aoi-defect-inspection-image-processing-18/work/photos_export/output/processed_images/unknown/bad30/final_overlay.png,0.9713768538273578,0.512533511592518,0.19543919348312563,0.13069058299064634,0.5219907407407408,1.0
bad31.png,unknown,1170,1170,unvalidated,63.45277151920858,30,2109.4084123895937,59.88962434634133,47.292555140261825,1.266364741103937,0.6135422301402881,0.8744939271255061,1.053577290844631,0.264911574680187,0.26293763518333435,0.30066815144766146,501.0927708416064,675.7150287549031,,threshold unavailable: need both bad and good validation samples,0.5,0.0,0.2044600676340877,0.0,/Users/diaoyingjie/Documents/Codex/2026-06-29/fab-aoi-defect-inspection-image-processing-18/work/photos_export/output/processed_images/unknown/bad31/final_overlay.png,0.975028305521506,0.577925630814928,0.26810143152744276,0.25035010814666747,0.6666666666666667,1.0
bad32.png,unknown,1170,1170,unvalidated,43.21126995455249,27,2227.252457774487,91.95857511021784,33.80524967715948,2.7202454053267844,0.9299785086675733,0.7854630715123095,0.47978607694159664,0.158232687936509,0.0686502605676651,0.7083333333333333,519.7024083434299,652.9402850772335,,threshold unavailable: need both bad and good validation samples,0.4444444444444444,0.0,0.19967788999041894,0.0,/Users/diaoyingjie/Documents/Codex/2026-06-29/fab-aoi-defect-inspection-image-processing-18/work/photos_export/output/processed_images/unknown/bad32/final_overlay.png,0.5878498002681578,0.23017337996460402,0.17112062539682635,0.09492020845413209,0.5509259259259259,1.0
bad33.png,unknown,1170,1170,unvalidated,48.14953575904498,30,2244.929064582221,59.50765997542385,45.23904060427083,1.3154049949018143,0.6496632189638956,0.9638888888888889,0.6541352130171914,0.013361883922288535,-0.05674995481967926,0.308390022675737,538.9045952761321,453.12678705112563,,threshold unavailable: need both bad and good validation samples,0.3888888888888889,0.0,0.42851665361057145,0.0,/Users/diaoyingjie/Documents/Codex/2026-06-29/fab-aoi-defect-inspection-image-processing-18/work/photos_export/output/processed_images/unknown/bad33/final_overlay.png,0.9704307817279549,0.33583952304072207,0.03941989447480775,0.0,0.43518518518518523,1.0
bad34.png,unknown,1170,1170,unvalidated,68.28037818934725,27,2026.917580620168,91.10825297248807,30.76195433921339,2.9617186205997665,0.9412746763275999,0.8462603878116344,1.2400381974304713,0.6426382312104634,0.4760510325431824,0.7445008460236886,581.1875788898388,408.61646501849793,,threshold unavailable: need both bad and good validation samples,0.5555555555555556,0.0,0.18266476084665326,0.0,/Users/diaoyingjie/Documents/Codex/2026-06-29/fab-aoi-defect-inspection-image-processing-18/work/photos_export/output/processed_images/unknown/bad34/final_overlay.png,0.527140620346468,0.6909322408669523,0.6114893011004212,0.4208408260345459,0.7824074074074076,1.0
bad35.png,unknown,1170,1170,unvalidated,49.761176501537335,30,3411.5851138926664,75.05660076853644,55.837635182740776,1.3441937596908866,0.6682460094413198,0.931304347826087,1.1157811231330683,-0.06664337586581708,-0.03949950635433197,0.26608187134502925,647.4197748587833,121.76942659116878,,threshold unavailable: need both bad and good validation samples,0.2916666666666667,0.0,0.4975253292791734,0.0,/Users/diaoyingjie/Documents/Codex/2026-06-29/fab-aoi-defect-inspection-image-processing-18/work/photos_export/output/processed_images/unknown/bad35/final_overlay.png,0.9677318350289794,0.6156249231109505,0.0,0.008400394916534427,0.23263888888888895,1.0
bad36.png,unknown,1170,1170,unvalidated,59.25403316541572,30,2639.7066166216146,70.90348595900159,55.23536765229157,1.2836609761582711,0.6269967261612175,0.8421052631578947,0.4582169360908822,0.45842771581196096,0.38131940364837646,0.41940532081377147,436.11667743856975,581.5424862936819,,threshold unavailable: need both bad and good validation samples,0.5555555555555556,0.0,0.21283126002864358,0.0,/Users/diaoyingjie/Documents/Codex/2026-06-29/fab-aoi-defect-inspection-image-processing-18/work/photos_export/output/processed_images/unknown/bad36/final_overlay.png,0.9734067834851622,0.21710117338841348,0.44402519619269176,0.3450555229187012,0.7824074074074076,1.0
bad37.png,unknown,1170,1170,unvalidated,57.400592783812876,30,3228.9268435460817,107.33466429334457,59.991763934060245,1.7891566650935806,0.829219866261394,0.6359506813757301,0.3923220202117669,0.6615282581885713,0.5146448016166687,0.6502835538752363,360.0698583452533,714.9279633201504,,threshold unavailable: need both bad and good validation samples,0.5555555555555556,0.0,0.3199716053053862,0.0,/Users/diaoyingjie/Documents/Codex/2026-06-29/fab-aoi-defect-inspection-image-processing-18/work/photos_export/output/processed_images/unknown/bad37/final_overlay.png,0.6982279611321206,0.17716486073440418,0.6286620528987011,0.451715841293335,0.7824074074074076,1.0
bad38.png,unknown,1170,1170,unvalidated,48.711442640666256,30,3134.651607238167,114.437386682914,58.18425760229593,1.9668101201036607,0.8610989020790184,0.5682095006090134,0.3045362532598923,0.4487101542868932,0.3870558738708496,0.7904142973192526,466.75946120899243,523.413601950491,,threshold unavailable: need both bad and good validation samples,0.5555555555555556,0.0,0.47471527654286083,0.0,/Users/diaoyingjie/Documents/Codex/2026-06-29/fab-aoi-defect-inspection-image-processing-18/work/photos_export/output/processed_images/unknown/bad38/final_overlay.png,0.5114865104054764,0.12396136561205595,0.4351910493517211,0.34964469909667967,0.7824074074074076,1.0
bad39.png,unknown,1170,1170,unvalidated,77.99652332262299,30,6393.039462130472,125.15917750315052,80.01423903026026,1.5642113081375064,0.7689575713067839,0.8402806438299628,1.8385551847029895,0.4923672284918578,0.5246466994285583,0.5207956600361663,403.54716352407365,381.9920019885811,,threshold unavailable: need both bad and good validation samples,0.5555555555555556,0.0,0.3269140936984976,0.0,/Users/diaoyingjie/Documents/Codex/2026-06-29/fab-aoi-defect-inspection-image-processing-18/work/photos_export/output/processed_images/unknown/bad39/final_overlay.png,0.8936360740345654,1.0,0.4748792986289616,0.4597173595428467,0.7824074074074076,1.0
bad4.png,unknown,1170,1170,unvalidated,74.02041288232401,30,2840.0414937759333,119.15766070987178,30.475367629181793,3.909966309832862,0.9667411861187015,0.8187919463087249,2.440703398161073,0.6893912675796882,0.6214317679405212,0.7904191616766467,227.48783064086405,111.14421488338485,,threshold unavailable: need both bad and good validation samples,0.5555555555555556,0.0,0.24304892115638402,0.0,/Users/diaoyingjie/Documents/Codex/2026-06-29/fab-aoi-defect-inspection-image-processing-18/work/photos_export/output/processed_images/unknown/bad4/final_overlay.png,0.3899073303724885,1.0,0.6539920614360801,0.537145414352417,0.7824074074074076,1.0
bad40.png,unknown,1170,1170,unvalidated,64.6997807790845,30,6281.087619014824,128.1606674194336,62.809707237971764,2.04045955721242,0.8716742687924016,0.8799824791940429,0.6511317944122806,0.7559160325975675,0.5981760621070862,0.6145569620253164,543.4993905348401,719.3696024407984,,threshold unavailable: need both bad and good validation samples,0.5555555555555556,0.007123775601068566,0.18340940043436824,0.0,/Users/diaoyingjie/Documents/Codex/2026-06-29/fab-aoi-defect-inspection-image-processing-18/work/photos_export/output/processed_images/unknown/bad40/final_overlay.png,0.7502916933267921,0.3340192693407762,0.7144691205432431,0.5185408496856689,0.7824074074074076,1.0
bad41 (1).png,unknown,1170,1170,unvalidated,77.02033146874544,25,2292.0666827361783,99.54927666058678,34.42298560716304,2.8919419656577285,0.9383125166412388,0.7926267281105991,1.5329893311073821,0.7926075290978966,0.6965514421463013,0.7628294036061026,524.8849379670075,521.9997504143299,,threshold unavailable: need both bad and good validation samples,0.5555555555555556,0.0,0.13356556769231462,0.0,/Users/diaoyingjie/Documents/Codex/2026-06-29/fab-aoi-defect-inspection-image-processing-18/work/photos_export/output/processed_images/unknown/bad41 (1)/final_overlay.png,0.5143889632394799,0.8684783824893225,0.7478250264526332,0.597241153717041,0.7824074074074076,1.0
bad41.png,unknown,1170,1170,unvalidated,77.02033146874544,25,2292.0666827361783,99.54927666058678,34.42298560716304,2.8919419656577285,0.9383125166412388,0.7926267281105991,1.5329893311073821,0.7926075290978966,0.6965514421463013,0.7628294036061026,524.8849379670075,521.9997504143299,,threshold unavailable: need both bad and good validation samples,0.5555555555555556,0.0,0.13356556769231462,0.0,/Users/diaoyingjie/Documents/Codex/2026-06-29/fab-aoi-defect-inspection-image-processing-18/work/photos_export/output/processed_images/unknown/bad41/final_overlay.png,0.5143889632394799,0.8684783824893225,0.7478250264526332,0.597241153717041,0.7824074074074076,1.0
bad42.png,unknown,1170,1170,unvalidated,72.05470953083658,11,2091.7318055818596,99.12625459219905,31.00322155536952,3.1972888499721455,0.9498305448878058,0.8154450261780105,3.5260996965845477,0.8302979493814381,0.7370432019233704,0.7725118483412322,783.5811744784912,141.28945417918604,,threshold unavailable: need both bad and good validation samples,0.5555555555555556,0.0,0.8075007505136075,0.0,/Users/diaoyingjie/Documents/Codex/2026-06-29/fab-aoi-defect-inspection-image-processing-18/work/photos_export/output/processed_images/unknown/bad42/final_overlay.png,0.4755706457453932,1.0,0.7820890448922164,0.6296345615386963,0.7824074074074076,1.0
bad43.png,unknown,1170,1170,unvalidated,49.14110229943285,30,2203.6836486975085,80.12458737955053,36.93753113885143,2.169191738298782,0.8873995104868422,0.8670967741935484,0.7811326133897256,0.15823992925328306,0.1898438185453415,0.6124794745484401,484.3025245508217,107.4146221683233,,threshold unavailable: need both bad and good validation samples,0.5,0.0,0.10949846807043791,0.0,/Users/diaoyingjie/Documents/Codex/2026-06-29/fab-aoi-defect-inspection-image-processing-18/work/photos_export/output/processed_images/unknown/bad43/final_overlay.png,0.7404098802729734,0.4128076444786216,0.1711272084120755,0.19187505483627318,0.6666666666666667,1.0
bad44.png,unknown,1170,1170,unvalidated,9.767255576251543,8,4012.589745355623,128.66074906345224,47.1245324858986,2.730228657482221,0.9305087400244599,0.8483606557377049,1.2884247307833367,0.43243977719967425,0.3746762275695801,0.697444352844188,38.44334580591605,1036.7567526156477,,threshold unavailable: need both bad and good validation samples,0.4166666666666667,0.3403781979977753,0.5744278592392693,1.0,/Users/diaoyingjie/Documents/Codex/2026-06-29/fab-aoi-defect-inspection-image-processing-18/work/photos_export/output/processed_images/unknown/bad44/final_overlay.png,0.5983759551040019,0.7202574125959617,0.42039979745424927,0.33974098205566405,0.49305555555555564,1.0
bad45.png,unknown,1170,1170,unvalidated,55.56027023634126,30,2068.162996504881,55.62256377762284,46.426033083334005,1.1980899526302669,0.5507627104052961,0.9608433734939759,0.7108261996434525,0.09125812269338898,0.11340218782424927,0.21867321867321865,465.0364824350444,855.9688767555838,,threshold unavailable: need both bad and good validation samples,0.5277777777777778,0.0,0.13177789167076534,0.0,/Users/diaoyingjie/Documents/Codex/2026-06-29/fab-aoi-defect-inspection-image-processing-18/work/photos_export/output/processed_images/unknown/bad45/final_overlay.png,0.9814290669409126,0.3701976967536076,0.11023465699398997,0.13072175025939942,0.7245370370370371,1.0
bad46.png,unknown,1170,1170,unvalidated,38.57862220061704,30,2810.5804824297097,85.04511259403465,49.80053319970602,1.7077149004207188,0.8106161824002679,0.7935779816513762,0.22194426374591092,0.041283721278110246,0.04120006784796715,0.6051612903225807,574.933067416749,452.2581861820458,,threshold unavailable: need both bad and good validation samples,0.375,0.0,0.05192444492703446,0.0,/Users/diaoyingjie/Documents/Codex/2026-06-29/fab-aoi-defect-inspection-image-processing-18/work/photos_export/output/processed_images/unknown/bad46/final_overlay.png,0.7913766856407359,0.07390561439146116,0.06480338298010023,0.07296005427837372,0.40625000000000006,1.0
bad47.png,unknown,1170,1170,unvalidated,45.53096485524454,30,27392.84834971849,244.040749735852,145.22858560332617,1.6803905974986146,0.8036518555222808,0.9161852640113509,-0.5093494042125148,0.4584637611365278,0.395144522190094,0.47225349847193177,559.8105377577152,617.3827263923106,,threshold unavailable: need both bad and good validation samples,0.5138888888888888,0.0,0.17446482795248147,0.0,/Users/diaoyingjie/Documents/Codex/2026-06-29/fab-aoi-defect-inspection-image-processing-18/work/photos_export/output/processed_images/unknown/bad47/final_overlay.png,0.9338412778298399,0.0,0.4440579646695707,0.3561156177520752,0.6956018518518517,0.6271686120466752
bad48.png,unknown,1170,1170,unvalidated,56.829395516452365,30,2574.8923916599233,78.46573232120498,48.593039651134696,1.614752501274588,0.7851623746649914,0.8022312373225152,0.28619234915383024,0.5377200492839423,0.5261295437812805,0.5445103857566765,604.7688461240396,572.8949981309565,,threshold unavailable: need both bad and good validation samples,0.5555555555555556,0.0,0.04385507328762451,0.0,/Users/diaoyingjie/Documents/Codex/2026-06-29/fab-aoi-defect-inspection-image-processing-18/work/photos_export/output/processed_images/unknown/bad48/final_overlay.png,0.8639349679984795,0.11284384797201832,0.5161091357126748,0.46090363502502446,0.7824074074074076,1.0
bad5.png,unknown,1170,1170,unvalidated,54.60135387548162,30,2162.438232812796,85.87556332473437,41.35929190766267,2.076330598610276,0.8763807748378541,0.7220376522702104,0.36817257596979125,0.5862508608691622,0.47831857204437256,0.7102672292545711,287.8334046993018,148.22465857034896,,threshold unavailable: need both bad and good validation samples,0.5555555555555556,0.0,0.32247748529872305,0.0,/Users/diaoyingjie/Documents/Codex/2026-06-29/fab-aoi-defect-inspection-image-processing-18/work/photos_export/output/processed_images/unknown/bad5/final_overlay.png,0.6368603509041417,0.16252883392108564,0.560228055335602,0.4226548576354981,0.7824074074074076,1.0
bad6.png,unknown,1170,1170,unvalidated,60.59148736290497,30,2875.394707391401,67.20197804241259,52.415141821896874,1.2821100107056924,0.6258240453762068,0.9615795090715048,0.8873806791375441,0.34429694410588907,0.22425027191638947,0.28253424657534243,645.6170141449608,563.0834862800059,,threshold unavailable: need both bad and good validation samples,0.4444444444444444,0.0,0.34302642491105717,0.0,/Users/diaoyingjie/Documents/Codex/2026-06-29/fab-aoi-defect-inspection-image-processing-18/work/photos_export/output/processed_images/unknown/bad6/final_overlay.png,0.9735521864963413,0.4772004115985116,0.3402699491871719,0.21940021753311156,0.5509259259259259,1.0
bad7.png,unknown,1170,1170,unvalidated,67.84349124579897,30,2250.8212668514657,83.85425417255068,43.2489506733368,1.9388737268080647,0.856731096292082,0.7050209205020921,1.5362553591810086,0.3645733706484035,0.2901414930820465,0.6131498470948012,547.8376909311381,950.701152120883,,threshold unavailable: need both bad and good validation samples,0.4166666666666667,0.0,0.28027210101883254,0.0,/Users/diaoyingjie/Documents/Codex/2026-06-29/fab-aoi-defect-inspection-image-processing-18/work/photos_export/output/processed_images/unknown/bad7/final_overlay.png,0.7463035120389663,0.8704577934430355,0.3587030642258213,0.2721131944656372,0.49305555555555564,1.0
bad8.png,unknown,1170,1170,unvalidated,63.84875784601867,30,3175.8970231228795,90.36430675459106,51.68239989221343,1.7484541535039186,0.820299790824514,0.7602792862684251,0.8370214413650988,0.8000885190151438,0.7432389855384827,0.6202672605790646,964.8831512324542,294.1749577502492,,threshold unavailable: need both bad and good validation samples,0.5555555555555556,0.16714285714285715,0.36780294629941923,0.0,/Users/diaoyingjie/Documents/Codex/2026-06-29/fab-aoi-defect-inspection-image-processing-18/work/photos_export/output/processed_images/unknown/bad8/final_overlay.png,0.7716563593415713,0.44667966143339327,0.7546259263774034,0.6345911884307862,0.7824074074074076,1.0
bad9.png,unknown,1170,1170,unvalidated,23.137402124118182,26,2627.9222120831246,131.0003803775518,33.59441691909093,3.8994687924798397,0.966558775527713,0.7476007677543186,-0.2536173442617021,0.7168463351950445,0.6787858605384827,0.7925356750823271,218.0590054207323,90.95350415874813,,threshold unavailable: need both bad and good validation samples,0.5555555555555556,0.26146788990825687,0.8075172336468855,0.0,/Users/diaoyingjie/Documents/Codex/2026-06-29/fab-aoi-defect-inspection-image-processing-18/work/photos_export/output/processed_images/unknown/bad9/final_overlay.png,0.38786381969435585,0.0,0.6789512138136767,0.5830286884307861,0.7824074074074076,1.0
good1.png,unknown,1170,1170,unvalidated,71.67294143863117,30,2115.300614658838,74.38082477363807,33.56087350251764,2.216295853207106,0.8924211915828318,0.9461426491994177,1.137016156073649,0.6825118764188904,0.5915449261665344,0.6107899807321773,586.4025916894936,535.0661728095216,,threshold unavailable: need both bad and good validation samples,0.5555555555555556,0.0,0.43816643401981586,0.0,/Users/diaoyingjie/Documents/Codex/2026-06-29/fab-aoi-defect-inspection-image-processing-18/work/photos_export/output/processed_images/unknown/good1/final_overlay.png,0.7377722840437525,0.6284946400446357,0.6477380694717185,0.5132359409332276,0.7824074074074076,1.0
good10.png,unknown,1170,1170,unvalidated,49.8648355287156,30,4760.899433549697,123.71685225933913,67.13851176851517,1.8427106738066923,0.8399403134547353,0.6443478260869565,0.446234524774964,0.293959453097007,0.2999430000782013,0.6296296296296297,838.641898760657,924.363555908203,,threshold unavailable: need both bad and good validation samples,0.4861111111111111,0.0,0.36466667787933643,0.0,/Users/diaoyingjie/Documents/Codex/2026-06-29/fab-aoi-defect-inspection-image-processing-18/work/photos_export/output/processed_images/unknown/good10/final_overlay.png,0.7177472939424541,0.2098391059242206,0.2945085937245518,0.279954400062561,0.6377314814814815,1.0
good11.png,unknown,1170,1170,unvalidated,59.247496410803386,30,2150.6538282743063,63.952211285033165,43.5501469418221,1.4684729163018861,0.7323024486821809,0.9593613933236574,1.0478512969207954,0.38618984988435145,0.2390398234128952,0.3653846153846154,1001.079409904005,424.09938384883134,,threshold unavailable: need both bad and good validation samples,0.4861111111111111,0.0,0.5624407452670694,0.0,/Users/diaoyingjie/Documents/Codex/2026-06-29/fab-aoi-defect-inspection-image-processing-18/work/photos_export/output/processed_images/unknown/good11/final_overlay.png,0.9560806640966982,0.5744553314671488,0.37835440898577405,0.23123185873031615,0.6377314814814815,1.0
good12.png,unknown,1170,1170,unvalidated,64.08405222007191,30,2062.2707942356365,70.21041276543961,40.256697350023195,1.7440678790655726,0.8192950289384769,0.8536585365853658,0.6698532238287047,0.5962006503087084,0.5180399417877197,0.532,850.1375355067589,996.4440569739123,,threshold unavailable: need both bad and good validation samples,0.5555555555555556,0.0,0.157985445611594,0.0,/Users/diaoyingjie/Documents/Codex/2026-06-29/fab-aoi-defect-inspection-image-processing-18/work/photos_export/output/processed_images/unknown/good12/final_overlay.png,0.8649804784428657,0.34536559019921503,0.5692733184624621,0.45443195343017584,0.7824074074074076,1.0
good13.png,unknown,1170,1170,unvalidated,0.0,10,60524.7017096813,585.661590069656,151.37637854611725,3.8689100353344266,0.9660190898140757,0.919258647582347,0.26340371642013266,0.09068462166799621,0.2838641405105591,0.7919049714034316,225.35586756789337,113.62790926858102,,threshold unavailable: need both bad and good validation samples,0.2916666666666667,0.18748603351955306,0.8302029284068055,1.0,/Users/diaoyingjie/Documents/Codex/2026-06-29/fab-aoi-defect-inspection-image-processing-18/work/photos_export/output/processed_images/unknown/good13/final_overlay.png,0.3921923458679959,0.099032555406141,0.10971329242545108,0.26709131240844725,0.23263888888888895,1.0
good14.png,unknown,1170,1170,unvalidated,63.426578169098285,30,3270.1722594307944,88.24177935904981,58.08279860563792,1.5192411777225288,0.7528227126241732,0.713371266002845,0.41143002472457924,0.760520026579344,0.6013376116752625,0.46642685851318944,597.6151025542579,719.3682690379036,,threshold unavailable: need both bad and good validation samples,0.5555555555555556,0.0,0.3697079946730573,0.0,/Users/diaoyingjie/Documents/Codex/2026-06-29/fab-aoi-defect-inspection-image-processing-18/work/photos_export/output/processed_images/unknown/good14/final_overlay.png,0.9391115615894614,0.18874546953004803,0.7186545696175854,0.52107008934021,0.7824074074074076,1.0
good15.png,unknown,1170,1170,unvalidated,60.11630189689376,30,6752.463800554397,93.77054000791178,90.64279350502362,1.034506289821207,0.256121192792891,0.9823289533303127,1.7733407259641392,1.1977003236899666,1.415752649307251,0.10483210483210481,155.4218118121515,41.272680907823236,,threshold unavailable: need both bad and good validation samples,0.5555555555555556,0.0,0.16903794486543594,1.0,/Users/diaoyingjie/Documents/Codex/2026-06-29/fab-aoi-defect-inspection-image-processing-18/work/photos_export/output/processed_images/unknown/good15/final_overlay.png,0.996765035329262,1.0,1.0,1.0,0.7824074074074076,1.0
good16.png,unknown,1170,1170,unvalidated,77.41690690833896,30,2274.3900759284443,76.14800029770467,44.73835707700104,1.7020741321958515,0.8092107515891932,0.8020833333333334,1.6192331663460577,0.5220503193715327,0.4367673993110657,0.5524590163934426,554.8837251781922,928.7134865408616,,threshold unavailable: need both bad and good validation samples,0.5277777777777778,0.0,0.27541071373667353,0.0,/Users/diaoyingjie/Documents/Codex/2026-06-29/fab-aoi-defect-inspection-image-processing-18/work/photos_export/output/processed_images/unknown/good16/final_overlay.png,0.8473815854819625,0.9207473735430652,0.5018639267013933,0.3894139194488525,0.7245370370370371,1.0
good17.png,unknown,1170,1170,unvalidated,54.74083396160385,30,3765.117250047347,142.00957508008014,52.45140760271381,2.7074502205110056,0.9292898835957324,0.5234556432884347,0.722876714522012,0.5198947267640651,0.42492732405662537,0.7594752186588921,294.45754656653185,285.927471936491,,threshold unavailable: need both bad and good validation samples,0.5555555555555556,0.0,0.2365333261220093,0.0,/Users/diaoyingjie/Documents/Codex/2026-06-29/fab-aoi-defect-inspection-image-processing-18/work/photos_export/output/processed_images/unknown/good17/final_overlay.png,0.45970099977352713,0.3775010391042497,0.499904297058241,0.3799418592453003,0.7824074074074076,1.0
good18.png,unknown,1170,1170,unvalidated,46.865280741787394,30,5090.8627606273985,99.61608570146362,69.31512068910718,1.4371479802835896,0.7182137231734352,0.8743257820927723,0.9241013642914931,0.5748046917502666,0.4373924136161804,0.4034632034632034,575.8325217472567,1113.2687441244163,,threshold unavailable: need both bad and good validation samples,0.5555555555555556,0.0,0.2159019351603229,0.0,/Users/diaoyingjie/Documents/Codex/2026-06-29/fab-aoi-defect-inspection-image-processing-18/work/photos_export/output/processed_images/unknown/good18/final_overlay.png,0.9590173768484135,0.4994553722978747,0.5498224470456969,0.38991393089294435,0.7824074074074076,1.0
good19.png,unknown,1170,1170,unvalidated,51.97901747194327,30,2733.981852929529,105.34162513447994,31.985416313424643,3.293426732428268,0.9527883908798475,0.9166666666666666,0.9722406921502738,0.4504988620344132,0.4008758068084717,0.7623152709359606,691.2346532038138,161.68754609293956,,threshold unavailable: need both bad and good validation samples,0.5555555555555556,0.2144177449168207,0.16198316055169693,0.0,/Users/diaoyingjie/Documents/Codex/2026-06-29/fab-aoi-defect-inspection-image-processing-18/work/photos_export/output/processed_images/unknown/good19/final_overlay.png,0.47729095863910187,0.5286307225153175,0.43681714730401194,0.3607006454467773,0.7824074074074076,1.0
good2.png,unknown,1170,1170,unvalidated,58.046019831193064,25,2327.4198963516465,68.99960422911585,40.6832427503657,1.6960202669315392,0.8076840033773011,0.9411764705882353,0.7221204427577346,0.3384696230892814,0.2613489627838135,0.4745098039215686,678.8252650850541,484.89155527961697,,threshold unavailable: need both bad and good validation samples,0.4722222222222222,0.0,0.5499495236822595,0.0,/Users/diaoyingjie/Documents/Codex/2026-06-29/fab-aoi-defect-inspection-image-processing-18/work/photos_export/output/processed_images/unknown/good2/final_overlay.png,0.9300009379524644,0.3770426925804452,0.3349723846266195,0.24907917022705078,0.6087962962962963,1.0
good20.png,unknown,1170,1170,unvalidated,68.36146104359422,23,2368.665312236359,87.36548364409767,54.78451079847407,1.5947113950779512,0.7789607264609628,0.6204766107678729,0.8700934914012968,0.8305171592998929,0.6642391085624695,0.7055961070559611,666.615739244643,712.5233934331236,,threshold unavailable: need both bad and good validation samples,0.5555555555555556,0.0,0.40757770326212406,0.0,/Users/diaoyingjie/Documents/Codex/2026-06-29/fab-aoi-defect-inspection-image-processing-18/work/photos_export/output/processed_images/unknown/good20/final_overlay.png,0.6530754414698968,0.46672332812199807,0.7822883266362662,0.5713912868499756,0.7824074074074076,1.0
good21.png,unknown,1170,1170,unvalidated,60.32674511161531,30,2698.628639314061,84.53212286921458,52.24121608180129,1.618111698181967,0.7861747105598477,0.7538883806038427,0.5681341385593721,0.522582006720834,0.538044810295105,0.5684210526315789,231.716273454215,143.28783620937236,,threshold unavailable: need both bad and good validation samples,0.5277777777777778,0.0,0.423759389051414,0.0,/Users/diaoyingjie/Documents/Codex/2026-06-29/fab-aoi-defect-inspection-image-processing-18/work/photos_export/output/processed_images/unknown/good21/final_overlay.png,0.8384509202621996,0.2837176597329528,0.5023472788371218,0.47043584823608403,0.7245370370370371,1.0
good22.png,unknown,1170,1170,unvalidated,49.04178046017962,30,3435.1539229696455,77.42273809504212,57.13409633557331,1.3551056735071965,0.6748555770860469,0.9661921708185054,0.9183553943331327,0.6392378226944532,0.5362722277641296,0.34379263301500684,356.57200920136637,1116.326162884344,,threshold unavailable: need both bad and good validation samples,0.5555555555555556,0.10618066561014262,0.14426395932020813,0.0,/Users/diaoyingjie/Documents/Codex/2026-06-29/fab-aoi-defect-inspection-image-processing-18/work/photos_export/output/processed_images/unknown/good22/final_overlay.png,0.9667088431087004,0.49597296626250476,0.6083980206313211,0.46901778221130375,0.7824074074074076,1.0
good23.png,unknown,1170,1170,unvalidated,54.22946217947906,30,2539.539178044455,99.02176765980067,38.548399897531844,2.568764667872525,0.921114323969567,0.8396946564885496,1.3533292800947005,0.0009075167191231403,0.14235910773277283,0.6616643929058663,655.6578342548544,331.8670166775398,,threshold unavailable: need both bad and good validation samples,0.3194444444444444,0.005454545454545455,0.5096722268541024,0.0,/Users/diaoyingjie/Documents/Codex/2026-06-29/fab-aoi-defect-inspection-image-processing-18/work/photos_export/output/processed_images/unknown/good23/final_overlay.png,0.6511763198544599,0.7595935030876972,0.028097742471930125,0.15388728618621825,0.29050925925925924,1.0
good24.png,unknown,1170,1170,unvalidated,48.2821371578033,30,2144.7616260050618,79.06243937638784,62.08470182300108,1.2734608857716518,0.619164062720344,0.6076555023923444,0.2409079353706116,0.2669023769642203,0.13975490629673004,0.5681511470985154,1007.5833047573991,365.5812569772554,,threshold unavailable: need both bad and good validation samples,0.5555555555555556,0.0,0.10176300271762434,0.0,/Users/diaoyingjie/Documents/Codex/2026-06-29/fab-aoi-defect-inspection-image-processing-18/work/photos_export/output/processed_images/unknown/good24/final_overlay.png,0.8235978791438835,0.08539874870946157,0.2699112517856548,0.15180392503738402,0.7824074074074076,1.0
good25.png,unknown,1170,1170,unvalidated,51.43117777907972,28,6540.344518861589,123.7136576482369,69.08834959956125,1.79065874876569,0.8295356937800515,0.8993144815766924,0.38798965295606114,0.28975867388611415,0.27539265155792236,0.5517241379310345,657.5368952454372,821.4007770965702,,threshold unavailable: need both bad and good validation samples,0.5138888888888888,0.0,0.3618594156995472,0.0,/Users/diaoyingjie/Documents/Codex/2026-06-29/fab-aoi-defect-inspection-image-processing-18/work/photos_export/output/processed_images/unknown/good25/final_overlay.png,0.8398503339547593,0.17453918360973406,0.29068970353283097,0.2603141212463379,0.6956018518518517,1.0
good26.png,unknown,1170,1170,unvalidated,67.61400342804336,30,2262.6056713899548,62.14112143298897,48.21091323472652,1.288943047613304,0.6309426560894676,0.854679802955665,1.3125763299179962,0.5476371192582788,0.5247480869293213,0.30371900826446285,327.4579348109075,198.7478868793155,,threshold unavailable: need both bad and good validation samples,0.5416666666666666,0.12128146453089245,0.7989833938241149,0.0,/Users/diaoyingjie/Documents/Codex/2026-06-29/fab-aoi-defect-inspection-image-processing-18/work/photos_export/output/processed_images/unknown/good26/final_overlay.png,0.9729115892862528,0.7348947454048462,0.5251246538711626,0.45979846954345704,0.7534722222222222,1.0
good27.png,unknown,1170,1170,unvalidated,79.58599164501926,8,2633.8144143523696,71.27841755562302,51.710933788188754,1.3784012844862543,0.6882452095198968,0.8498435870698644,1.5816130415774372,0.6453690564605832,0.6144858598709106,0.3941841680129241,862.1006040454405,948.8772791945587,,threshold unavailable: need both bad and good validation samples,0.5138888888888888,0.0,0.345790671684246,0.0,/Users/diaoyingjie/Documents/Codex/2026-06-29/fab-aoi-defect-inspection-image-processing-18/work/photos_export/output/processed_images/unknown/good27/final_overlay.png,0.9645248795794137,0.8979472979257195,0.613971869509621,0.5315886878967285,0.6956018518518517,1.0
good28.png,unknown,1170,1170,unvalidated,65.49774765639368,30,2015.1331760816786,71.12435396281515,34.03334722479349,2.089843044030669,0.8780849180581252,0.955177743431221,0.9806983049269969,0.5099860953808244,0.3819085657596588,0.5843373493975903,230.91313896337485,759.3655408170707,,threshold unavailable: need both bad and good validation samples,0.5555555555555556,0.0,0.13088411344962395,0.0,/Users/diaoyingjie/Documents/Codex/2026-06-29/fab-aoi-defect-inspection-image-processing-18/work/photos_export/output/processed_images/unknown/good28/final_overlay.png,0.7774721099930824,0.5337565484406043,0.490896450346204,0.34552685260772703,0.7824074074074076,1.0
good29.png,unknown,1170,1170,unvalidated,76.22300917883025,30,2592.5689984676565,88.67157955881964,37.19492651120261,2.383969747382428,0.907769933853773,0.9099201824401368,1.682443656082596,0.5050450324926001,0.4465848505496979,0.6522988505747127,905.0444739883866,259.4592948375401,,threshold unavailable: need both bad and good validation samples,0.5555555555555556,0.0,0.16966564203270043,0.0,/Users/diaoyingjie/Documents/Codex/2026-06-29/fab-aoi-defect-inspection-image-processing-18/work/photos_export/output/processed_images/unknown/good29/final_overlay.png,0.6783593092621473,0.9590567612621793,0.48640457499327283,0.3972678804397583,0.7824074074074076,1.0
good3.png,unknown,1170,1170,unvalidated,43.62044251722579,30,3276.064461700039,115.76253914734139,40.64894466479289,2.847860875650391,0.9363226872288724,0.7089499647639183,0.3453785633728859,0.4441833891727534,0.33154982328414917,0.798,871.3607908383444,274.0128503696552,,threshold unavailable: need both bad and good validation samples,0.5555555555555556,0.0,0.10973280419069999,0.0,/Users/diaoyingjie/Documents/Codex/2026-06-29/fab-aoi-defect-inspection-image-processing-18/work/photos_export/output/processed_images/unknown/good3/final_overlay.png,0.4678165399343451,0.14871428083205207,0.43107580833886666,0.30523985862731934,0.7824074074074076,0.7192806005477904
good30.png,unknown,1170,1170,unvalidated,47.73168482726437,30,3087.5139890842097,100.35830034754582,57.607959019197956,1.7420908856378896,0.818839270730427,0.6678545972915182,0.2607493386948642,0.41415339250704686,0.43097519874572754,0.725140712945591,692.4236781963174,137.614392086678,,threshold unavailable: need both bad and good validation samples,0.5416666666666666,0.0,0.0894068275845327,0.0,/Users/diaoyingjie/Documents/Codex/2026-06-29/fab-aoi-defect-inspection-image-processing-18/work/photos_export/output/processed_images/unknown/good30/final_overlay.png,0.6344780070469459,0.09742384163325105,0.4037758113700426,0.384780158996582,0.7534722222222222,1.0
good31.png,unknown,1170,1170,unvalidated,18.289595565857326,30,18006.570134811725,176.56039605991472,165.82018761219325,1.0647702104453036,0.34345324559616314,0.7307163395424427,0.9601939938019348,0.8842398391231209,0.6432135105133057,0.3275985663082437,774.4424755048949,124.00748779170245,,threshold unavailable: need both bad and good validation samples,0.5555555555555556,0.35074816129850367,0.675335457461442,0.0,/Users/diaoyingjie/Documents/Codex/2026-06-29/fab-aoi-defect-inspection-image-processing-18/work/photos_export/output/processed_images/unknown/good31/final_overlay.png,0.9874999059515669,0.5213296932132939,0.8311271264755644,0.5545708084106445,0.7824074074074076,1.0
good32.png,unknown,1170,1170,unvalidated,63.941701526396464,30,5002.479726588728,97.7962500227932,65.77312572368447,1.4868724718000959,0.7400492903079916,0.9573060733613951,0.8770062886730724,0.3978493524434467,0.3225911855697632,0.40504050405040504,572.0321012631491,592.9747864022788,,threshold unavailable: need both bad and good validation samples,0.5277777777777778,0.0,0.1444349397333879,0.0,/Users/diaoyingjie/Documents/Codex/2026-06-29/fab-aoi-defect-inspection-image-processing-18/work/photos_export/output/processed_images/unknown/good32/final_overlay.png,0.9543557057687411,0.47091290222610455,0.3889539567667697,0.29807294845581056,0.7245370370370371,1.0
good33.png,unknown,1170,1170,unvalidated,74.99180564756475,28,3647.2732046624533,105.98163074477579,42.89229780806545,2.470877900247327,0.9144431151370308,0.9660729431721798,2.0361380845320367,0.47430222856974047,0.47442206740379333,0.6755373592630501,363.60026474315595,834.5499075102113,,threshold unavailable: need both bad and good validation samples,0.5277777777777778,0.0,0.6609227664268695,0.0,/Users/diaoyingjie/Documents/Codex/2026-06-29/fab-aoi-defect-inspection-image-processing-18/work/photos_export/output/processed_images/unknown/good33/final_overlay.png,0.6457500818380761,1.0,0.4584565714270368,0.4195376539230347,0.7245370370370371,1.0
good34.png,unknown,1170,1170,unvalidated,61.620495917191136,30,2268.4978736591997,79.56832687884445,36.171539789413515,2.1997495086491194,0.8906971271147309,0.9036458333333334,1.181945558034079,0.4532620952607881,0.4465864300727844,0.5989110707803993,542.6213076896192,969.0606284240469,,threshold unavailable: need both bad and good validation samples,0.5277777777777778,0.0,0.3640032209248063,0.0,/Users/diaoyingjie/Documents/Codex/2026-06-29/fab-aoi-defect-inspection-image-processing-18/work/photos_export/output/processed_images/unknown/good34/final_overlay.png,0.7518276195847774,0.6557245806267145,0.4393291775098073,0.39726914405822755,0.7245370370370371,1.0
good35.png,unknown,1170,1170,unvalidated,41.777545781959226,27,3376.2319002771983,125.01773493913198,74.37788943532097,1.680845421781529,0.803771072046823,0.4847309743092584,2.4303697179271744,0.5935815307726521,0.5256001949310303,0.6773733047822983,931.4957798368208,65.41590338426012,,threshold unavailable: need both bad and good validation samples,0.5277777777777778,0.33125,0.4253464460266577,0.0,/Users/diaoyingjie/Documents/Codex/2026-06-29/fab-aoi-defect-inspection-image-processing-18/work/photos_export/output/processed_images/unknown/good35/final_overlay.png,0.6294600438998765,1.0,0.5668923007024109,0.4604801559448243,0.7245370370370371,1.0
good36.png,unknown,1170,1170,unvalidated,65.32914209188296,30,9910.684216869544,187.99649266286508,95.60760806704951,1.966334023658696,0.8610262027090233,0.7166175470414872,1.16361646087453,0.5091355048566403,0.518943727016449,0.7249621785173979,585.7306307084333,633.0639148253127,,threshold unavailable: need both bad and good validation samples,0.5277777777777778,0.11808846761453397,0.23436441033272756,0.0,/Users/diaoyingjie/Documents/Codex/2026-06-29/fab-aoi-defect-inspection-image-processing-18/work/photos_export/output/processed_images/unknown/good36/final_overlay.png,0.6298974604178637,0.6446160368936545,0.4901231862333093,0.4551549816131592,0.7245370370370371,1.0
good37.png,unknown,1170,1170,unvalidated,38.40754001443982,30,2368.665312236359,78.47477908945676,40.92877407786262,1.917349856122416,0.8532187492016985,0.8505882352941176,0.4424652344458868,0.3797357015640658,0.32088398933410645,0.5637931034482759,1085.2947662480144,847.223902025658,,threshold unavailable: need both bad and good validation samples,0.5416666666666666,0.0,0.47377224599666884,0.0,/Users/diaoyingjie/Documents/Codex/2026-06-29/fab-aoi-defect-inspection-image-processing-18/work/photos_export/output/processed_images/unknown/good37/final_overlay.png,0.815268868411391,0.20755468754296172,0.37248700142187796,0.29670719146728514,0.7534722222222222,1.0
good38.png,unknown,1170,1170,unvalidated,51.61256376883667,19,11383.734784180711,195.097122350669,116.27185275445834,1.677939395725232,0.8030073811859837,0.5613259668508287,0.8478548046581886,0.4684036762873669,0.5272213220596313,0.7061987704918034,518.5640896998995,300.4206354291607,,threshold unavailable: need both bad and good validation samples,0.5138888888888888,0.0,0.8411510086242967,0.0,/Users/diaoyingjie/Documents/Codex/2026-06-29/fab-aoi-defect-inspection-image-processing-18/work/photos_export/output/processed_images/unknown/good38/final_overlay.png,0.6249215525394884,0.453245336156478,0.45309425117033353,0.4617770576477051,0.6956018518518517,1.0
good39.png,unknown,1170,1170,unvalidated,86.58714287654978,29,16981.326939963154,184.00646969490523,158.30383253295392,1.162362696788158,0.5097599770267415,0.7317008251264306,2.451550825374786,0.6984932089161092,0.6568711996078491,0.38825448613376834,463.3271710407684,557.912735048666,,threshold unavailable: need both bad and good validation samples,0.5416666666666666,0.06990580069410014,0.07164369478821256,0.0,/Users/diaoyingjie/Documents/Codex/2026-06-29/fab-aoi-defect-inspection-image-processing-18/work/photos_export/output/processed_images/unknown/good39/final_overlay.png,0.9786787722182538,1.0,0.6622665535600992,0.5654969596862793,0.7534722222222222,1.0
good4.png,unknown,1170,1170,unvalidated,67.74586580245048,30,7430.067061517535,110.88274753934614,93.92456656175035,1.1805510698465316,0.5314940233651763,0.8332749562171629,1.0692585895866393,0.5349038637700045,0.4155091345310211,0.2661962796664529,333.96220005399454,256.8132493901549,,threshold unavailable: need both bad and good validation samples,0.4305555555555556,0.08668515950069348,0.34131652391189526,0.0,/Users/diaoyingjie/Documents/Codex/2026-06-29/fab-aoi-defect-inspection-image-processing-18/work/photos_export/output/processed_images/unknown/good4/final_overlay.png,0.9830733372018877,0.5874294482343269,0.5135489670636405,0.3724073076248169,0.5219907407407408,1.0
good40.png,unknown,1170,1170,unvalidated,48.74448510839969,30,3959.559924932421,107.81006872406638,49.25037949906345,2.1890200607716435,0.8895563721610517,0.8768577494692145,0.6548169116021018,0.3352257417131237,0.34740492701530457,0.6625475285171103,723.2207663128485,141.78804500469033,,threshold unavailable: need both bad and good validation samples,0.5138888888888888,0.18775510204081633,0.5499464181013706,0.0,/Users/diaoyingjie/Documents/Codex/2026-06-29/fab-aoi-defect-inspection-image-processing-18/work/photos_export/output/processed_images/unknown/good40/final_overlay.png,0.6858477603372792,0.3362526736982435,0.3320234015573852,0.31792394161224363,0.6956018518518517,1.0
good41.png,unknown,1170,1170,unvalidated,40.773807562519465,16,4336.660870164081,126.12830213491351,42.373914283340895,2.97655537063519,0.9418766787815316,0.9638810198300283,1.7718371687145982,0.3213433555311954,0.26498186588287354,0.7323943661971831,115.50897962324846,1021.0669711417676,,threshold unavailable: need both bad and good validation samples,0.4444444444444444,0.21032745591939547,0.7729015837401045,0.0,/Users/diaoyingjie/Documents/Codex/2026-06-29/fab-aoi-defect-inspection-image-processing-18/work/photos_export/output/processed_images/unknown/good41/final_overlay.png,0.538493338005916,1.0,0.3194030504829049,0.25198549270629883,0.5509259259259259,1.0
good42.png,unknown,1170,1170,unvalidated,59.159830167631505,30,14070.579018956283,223.31403882671688,97.13806753831285,2.298934336310923,0.900438109234792,0.7714916751613999,2.0002720211865044,0.5966692359435185,0.5991807579994202,0.5877722382576751,555.4804600126021,1032.2037743532806,,threshold unavailable: need both bad and good validation samples,0.4166666666666667,0.1820307281229125,0.19492086324478367,0.0,/Users/diaoyingjie/Documents/Codex/2026-06-29/fab-aoi-defect-inspection-image-processing-18/work/photos_export/output/processed_images/unknown/good42/final_overlay.png,0.7542541288575088,1.0,0.5696993054031986,0.5193446063995362,0.49305555555555564,1.0
good43.png,unknown,1170,1170,unvalidated,67.43159579792496,30,6581.589934746302,134.08398568877539,81.13821433292878,1.6525380400731757,0.7961268335963014,0.6766428106701367,2.434554007409411,0.27145905908982126,0.27454873919487,0.6458123107971745,393.0405413362495,530.5813092116992,,threshold unavailable: need both bad and good validation samples,0.4861111111111111,0.0,0.49133500791014667,0.0,/Users/diaoyingjie/Documents/Codex/2026-06-29/fab-aoi-defect-inspection-image-processing-18/work/photos_export/output/processed_images/unknown/good43/final_overlay.png,0.7293065719870366,1.0,0.2740536900816557,0.25963899135589597,0.6377314814814815,1.0
good44.png,unknown,1170,1170,unvalidated,67.63461678097829,30,2280.282278197689,58.276341109849604,47.471212608685626,1.2276143352442401,0.5800398828222214,0.9604904632152589,0.7258938375994247,0.6486831591365727,0.512509286403656,0.22869955156950672,597.0810006169362,580.3629432773193,,threshold unavailable: need both bad and good validation samples,0.5555555555555556,0.0,0.1922633868735968,0.0,/Users/diaoyingjie/Documents/Codex/2026-06-29/fab-aoi-defect-inspection-image-processing-18/work/photos_export/output/processed_images/unknown/good44/final_overlay.png,0.9786611560708526,0.37932959854510595,0.616984690124157,0.45000742912292485,0.7824074074074076,1.0
good45.png,unknown,1170,1170,unvalidated,62.65097495243105,25,7459.528072863758,438.38831446477485,110.23040795227303,3.9770179808695425,0.9678716725958993,0.34411764705882353,1.9768387664859417,0.5482802588892296,0.5500996112823486,0.9674025974025974,407.0372344844074,769.3653958269174,,threshold unavailable: need both bad and good validation samples,0.5555555555555556,0.0593866866118175,0.8229850262352731,0.0,/Users/diaoyingjie/Documents/Codex/2026-06-29/fab-aoi-defect-inspection-image-processing-18/work/photos_export/output/processed_images/unknown/good45/final_overlay.png,0.18561044664642157,1.0,0.525709326262936,0.48007968902587894,0.7824074074074076,1.0
good46.png,unknown,1170,1170,unvalidated,68.48630497600763,30,6198.5967872453975,163.80271199333222,70.55109257519986,2.321760103413511,0.9024914737150553,0.6918418240114,1.3652625324051466,0.5372795457191287,0.5500710010528564,0.8144285093437635,724.9055208704777,293.9455568938829,,threshold unavailable: need both bad and good validation samples,0.5555555555555556,0.10859188544152745,0.1991635034964609,0.0,/Users/diaoyingjie/Documents/Codex/2026-06-29/fab-aoi-defect-inspection-image-processing-18/work/photos_export/output/processed_images/unknown/good46/final_overlay.png,0.49414260601710247,0.7668257772152404,0.5157086779264807,0.4800568008422852,0.7824074074074076,1.0
good47.png,unknown,1170,1170,unvalidated,50.61811780273602,12,2610.2456052753905,106.42877444192087,31.163628071670214,3.415159948551421,0.9561700167374978,0.9648484848484848,1.2251811788913944,0.20673974573436485,0.12051210552453995,0.7725437415881561,638.7431740661874,247.11613239589073,,threshold unavailable: need both bad and good validation samples,0.5138888888888888,0.18976545842217485,0.5054255290347103,0.0,/Users/diaoyingjie/Documents/Codex/2026-06-29/fab-aoi-defect-inspection-image-processing-18/work/photos_export/output/processed_images/unknown/good47/final_overlay.png,0.4551116584147189,0.6819279872069057,0.21521795066760438,0.13640968441963194,0.6956018518518517,1.0
good48.png,unknown,1170,1170,unvalidated,64.15005019097613,30,1997.4565692739445,73.44091462891132,32.63909624819934,2.250090323287152,0.895815267831716,0.9605055292259084,3.4206630934515463,0.742769660520291,0.7032564878463745,0.6206225680933852,1066.4825996620525,194.5582979447614,,threshold unavailable: need both bad and good validation samples,0.5555555555555556,0.0,0.8061617605491608,0.0,/Users/diaoyingjie/Documents/Codex/2026-06-29/fab-aoi-defect-inspection-image-processing-18/work/photos_export/output/processed_images/unknown/good48/final_overlay.png,0.7242539605145819,1.0,0.7025178732002645,0.6026051902770997,0.7824074074074076,1.0
good49.png,unknown,1170,1170,unvalidated,79.11961515992417,15,11083.232468449232,159.32090411047716,114.18616061388704,1.3952733260662848,0.6973760068216335,0.8776908023483366,2.556846160553914,0.4749188592903203,0.4929918944835663,0.4595435684647303,582.0192519065255,570.9466372288114,,threshold unavailable: need both bad and good validation samples,0.5416666666666666,0.14063714063714064,0.031168490924591126,0.0,/Users/diaoyingjie/Documents/Codex/2026-06-29/fab-aoi-defect-inspection-image-processing-18/work/photos_export/output/processed_images/unknown/good49/final_overlay.png,0.9629431256812858,1.0,0.45901714480938205,0.4343935155868531,0.7534722222222222,1.0
good5.png,unknown,1170,1170,unvalidated,55.05214881570903,30,2003.3487715431895,84.88464125953769,30.217085636502972,2.8091604293233026,0.9344942423437793,0.8645533141210374,0.6803385792545201,0.4501799909977602,0.3646637201309204,0.702048417132216,658.724957224739,603.2456185115323,,threshold unavailable: need both bad and good validation samples,0.5138888888888888,0.0,0.46829552518756,0.0,/Users/diaoyingjie/Documents/Codex/2026-06-29/fab-aoi-defect-inspection-image-processing-18/work/photos_export/output/processed_images/unknown/good5/final_overlay.png,0.5861297180328183,0.35172035106334554,0.43652726454341834,0.33173097610473634,0.6956018518518517,1.0
good50.png,unknown,1170,1170,unvalidated,54.57459578284043,30,8508.34007678931,131.97553310156857,88.49178314208984,1.4913874307364512,0.7418945447343941,0.9090307641415812,3.8725053744189197,0.8132039705579511,0.7100241184234619,0.4028361344537815,435.42378943985426,571.3232494686648,,threshold unavailable: need both bad and good validation samples,0.5555555555555556,0.045084533500313086,0.9603996221999463,0.0,/Users/diaoyingjie/Documents/Codex/2026-06-29/fab-aoi-defect-inspection-image-processing-18/work/photos_export/output/processed_images/unknown/good50/final_overlay.png,0.9539324283684577,1.0,0.7665490641435919,0.6080192947387696,0.7824074074074076,1.0
good6.png,unknown,1170,1170,unvalidated,60.12219257541914,30,3317.309877584752,87.29707266779856,71.69854595453413,1.2175570857902176,0.5704724663024817,0.6610279765777488,0.45920508126587495,0.522315071026196,0.47809508442878723,0.4964102564102564,355.7628929169841,261.6553353274017,,threshold unavailable: need both bad and good validation samples,0.5555555555555556,0.0,0.3302036794177781,0.0,/Users/diaoyingjie/Documents/Codex/2026-06-29/fab-aoi-defect-inspection-image-processing-18/work/photos_export/output/processed_images/unknown/good6/final_overlay.png,0.9221464121608836,0.21770004925204542,0.5021046100238146,0.4224760675430298,0.7824074074074076,1.0
good8.png,unknown,1170,1170,unvalidated,62.567187156698644,30,2274.3900759284443,80.80519695994269,32.845854719644755,2.4601337870380937,0.91365880797482,0.9495225102319236,1.1674100064860682,0.3373084958486972,0.3252389430999756,0.6486486486486487,509.6728110412344,160.45196311602453,,threshold unavailable: need both bad and good validation samples,0.5,0.0,0.5943594584316003,0.0,/Users/diaoyingjie/Documents/Codex/2026-06-29/fab-aoi-defect-inspection-image-processing-18/work/photos_export/output/processed_images/unknown/good8/final_overlay.png,0.6750612483613381,0.6469151554461019,0.3339168144079065,0.30019115447998046,0.6666666666666667,1.0
good9.png,unknown,1170,1170,unvalidated,83.9537163448415,30,2539.539178044455,82.92190923730367,38.27697138568672,2.166365473426967,0.8870868119914082,0.9095127610208816,4.396563388068522,0.757915741909058,0.6778756380081177,0.6101694915254237,474.9714451706755,385.8487587449956,,threshold unavailable: need both bad and good validation samples,0.5555555555555556,0.0,0.5676167852258619,0.0,/Users/diaoyingjie/Documents/Codex/2026-06-29/fab-aoi-defect-inspection-image-processing-18/work/photos_export/output/processed_images/unknown/good9/final_overlay.png,0.7431064036815653,1.0,0.7162870380991436,0.5823005104064942,0.7824074074074076,1.0
